title,startDate,endDate,progress,parentId,category,employee,role,crew,roster,shift
Mechanical Crew,2026-09-02T00:00:00,2027-03-15T00:00:00,8,,Crew,,,Mechanical,,
Swing 1 - Night shift,2026-09-02T00:00:00,2026-09-11T00:00:00,100,Mechanical Crew,Night shift,"{""id"":""E1001"",""name"":""Aroha Patel""}",Leading Hand Fitter,Mechanical,14/14 FIFO,Night
Swing 2 - Day shift,2026-09-26T00:00:00,2026-10-09T00:00:00,0,Mechanical Crew,Day shift,"{""id"":""E1001"",""name"":""Aroha Patel""}",Leading Hand Fitter,Mechanical,14/14 FIFO,Day
Swing 3 - Night shift,2026-10-24T00:00:00,2026-11-06T00:00:00,0,Mechanical Crew,Night shift,"{""id"":""E1001"",""name"":""Aroha Patel""}",Leading Hand Fitter,Mechanical,14/14 FIFO,Night
Roster change,2026-12-07T00:00:00,2026-12-07T00:00:00,0,Mechanical Crew,Induction,"{""id"":""E1001"",""name"":""Aroha Patel""}",Leading Hand Fitter,Mechanical,8/6 FIFO,
Swing 4 - Day shift,2026-12-08T00:00:00,2026-12-15T00:00:00,0,Mechanical Crew,Day shift,"{""id"":""E1001"",""name"":""Aroha Patel""}",Leading Hand Fitter,Mechanical,8/6 FIFO,Day
Swing 5 - Night shift,2026-12-22T00:00:00,2026-12-29T00:00:00,0,Mechanical Crew,Night shift,"{""id"":""E1001"",""name"":""Aroha Patel""}",Leading Hand Fitter,Mechanical,8/6 FIFO,Night
Swing 6 - Day shift,2027-01-05T00:00:00,2027-01-12T00:00:00,0,Mechanical Crew,Day shift,"{""id"":""E1001"",""name"":""Aroha Patel""}",Leading Hand Fitter,Mechanical,8/6 FIFO,Day
Swing 7 - Night shift,2027-01-19T00:00:00,2027-01-26T00:00:00,0,Mechanical Crew,Night shift,"{""id"":""E1001"",""name"":""Aroha Patel""}",Leading Hand Fitter,Mechanical,8/6 FIFO,Night
Swing 8 - Day shift,2027-02-02T00:00:00,2027-02-09T00:00:00,0,Mechanical Crew,Day shift,"{""id"":""E1001"",""name"":""Aroha Patel""}",Leading Hand Fitter,Mechanical,8/6 FIFO,Day
Swing 9 - Night shift,2027-02-16T00:00:00,2027-02-23T00:00:00,0,Mechanical Crew,Night shift,"{""id"":""E1001"",""name"":""Aroha Patel""}",Leading Hand Fitter,Mechanical,8/6 FIFO,Night
Swing 10 - Day shift,2027-03-02T00:00:00,2027-03-09T00:00:00,0,Mechanical Crew,Day shift,"{""id"":""E1001"",""name"":""Aroha Patel""}",Leading Hand Fitter,Mechanical,8/6 FIFO,Day
Sick leave,2027-01-07T00:00:00,2027-01-09T00:00:00,0,Mechanical Crew,Leave,"{""id"":""E1001"",""name"":""Aroha Patel""}",Leading Hand Fitter,Mechanical,8/6 FIFO,
Swing 1 - Night shift,2026-09-02T00:00:00,2026-09-09T00:00:00,100,Mechanical Crew,Night shift,"{""id"":""E1002"",""name"":""Cooper Davis""}",Millwright,Mechanical,14/14 FIFO,Night
Swing 2 - Day shift,2026-09-24T00:00:00,2026-10-07T00:00:00,0,Mechanical Crew,Day shift,"{""id"":""E1002"",""name"":""Cooper Davis""}",Millwright,Mechanical,14/14 FIFO,Day
Swing 3 - Night shift,2026-10-22T00:00:00,2026-11-04T00:00:00,0,Mechanical Crew,Night shift,"{""id"":""E1002"",""name"":""Cooper Davis""}",Millwright,Mechanical,14/14 FIFO,Night
Annual leave,2026-11-19T00:00:00,2026-12-02T00:00:00,0,Mechanical Crew,Leave,"{""id"":""E1002"",""name"":""Cooper Davis""}",Millwright,Mechanical,14/14 FIFO,
Swing 5 - Day shift,2026-12-17T00:00:00,2026-12-30T00:00:00,0,Mechanical Crew,Day shift,"{""id"":""E1002"",""name"":""Cooper Davis""}",Millwright,Mechanical,14/14 FIFO,Day
Swing 6 - Night shift,2027-01-14T00:00:00,2027-01-27T00:00:00,0,Mechanical Crew,Night shift,"{""id"":""E1002"",""name"":""Cooper Davis""}",Millwright,Mechanical,14/14 FIFO,Night
Swing 7 - Day shift,2027-02-11T00:00:00,2027-02-24T00:00:00,0,Mechanical Crew,Day shift,"{""id"":""E1002"",""name"":""Cooper Davis""}",Millwright,Mechanical,14/14 FIFO,Day
Swing 8 - Night shift,2027-03-11T00:00:00,2027-03-15T00:00:00,0,Mechanical Crew,Night shift,"{""id"":""E1002"",""name"":""Cooper Davis""}",Millwright,Mechanical,14/14 FIFO,Night
Swing 1 - Day shift,2026-09-02T00:00:00,2026-09-14T00:00:00,100,Mechanical Crew,Day shift,"{""id"":""E1003"",""name"":""Leila Mensah""}",Leading Hand Fitter,Mechanical,14/14 FIFO,Day
Swing 2 - Night shift,2026-09-29T00:00:00,2026-10-12T00:00:00,0,Mechanical Crew,Night shift,"{""id"":""E1003"",""name"":""Leila Mensah""}",Leading Hand Fitter,Mechanical,14/14 FIFO,Night
Swing 3 - Day shift,2026-10-27T00:00:00,2026-11-09T00:00:00,0,Mechanical Crew,Day shift,"{""id"":""E1003"",""name"":""Leila Mensah""}",Leading Hand Fitter,Mechanical,14/14 FIFO,Day
Swing 4 - Night shift,2026-11-24T00:00:00,2026-12-07T00:00:00,0,Mechanical Crew,Night shift,"{""id"":""E1003"",""name"":""Leila Mensah""}",Leading Hand Fitter,Mechanical,14/14 FIFO,Night
Swing 5 - Day shift,2026-12-22T00:00:00,2027-01-04T00:00:00,0,Mechanical Crew,Day shift,"{""id"":""E1003"",""name"":""Leila Mensah""}",Leading Hand Fitter,Mechanical,14/14 FIFO,Day
Swing 6 - Night shift,2027-01-19T00:00:00,2027-02-01T00:00:00,0,Mechanical Crew,Night shift,"{""id"":""E1003"",""name"":""Leila Mensah""}",Leading Hand Fitter,Mechanical,14/14 FIFO,Night
Swing 7 - Day shift,2027-02-16T00:00:00,2027-03-01T00:00:00,0,Mechanical Crew,Day shift,"{""id"":""E1003"",""name"":""Leila Mensah""}",Leading Hand Fitter,Mechanical,14/14 FIFO,Day
Swing 1 - Night shift,2026-09-02T00:00:00,2026-09-03T00:00:00,100,Mechanical Crew,Night shift,"{""id"":""E1004"",""name"":""Arjun Fernandes""}",Mechanical Fitter,Mechanical,14/14 FIFO,Night
Annual leave,2026-09-18T00:00:00,2026-10-01T00:00:00,0,Mechanical Crew,Leave,"{""id"":""E1004"",""name"":""Arjun Fernandes""}",Mechanical Fitter,Mechanical,14/14 FIFO,
Swing 3 - Day shift,2026-10-16T00:00:00,2026-10-29T00:00:00,0,Mechanical Crew,Day shift,"{""id"":""E1004"",""name"":""Arjun Fernandes""}",Mechanical Fitter,Mechanical,14/14 FIFO,Day
Swing 4 - Night shift,2026-11-13T00:00:00,2026-11-26T00:00:00,0,Mechanical Crew,Night shift,"{""id"":""E1004"",""name"":""Arjun Fernandes""}",Mechanical Fitter,Mechanical,14/14 FIFO,Night
Swing 5 - Day shift,2026-12-11T00:00:00,2026-12-24T00:00:00,0,Mechanical Crew,Day shift,"{""id"":""E1004"",""name"":""Arjun Fernandes""}",Mechanical Fitter,Mechanical,14/14 FIFO,Day
Swing 6 - Night shift,2027-01-08T00:00:00,2027-01-21T00:00:00,0,Mechanical Crew,Night shift,"{""id"":""E1004"",""name"":""Arjun Fernandes""}",Mechanical Fitter,Mechanical,14/14 FIFO,Night
Swing 7 - Day shift,2027-02-05T00:00:00,2027-02-18T00:00:00,0,Mechanical Crew,Day shift,"{""id"":""E1004"",""name"":""Arjun Fernandes""}",Mechanical Fitter,Mechanical,14/14 FIFO,Day
Swing 8 - Night shift,2027-03-05T00:00:00,2027-03-15T00:00:00,0,Mechanical Crew,Night shift,"{""id"":""E1004"",""name"":""Arjun Fernandes""}",Mechanical Fitter,Mechanical,14/14 FIFO,Night
Sick leave,2026-12-22T00:00:00,2026-12-22T00:00:00,0,Mechanical Crew,Leave,"{""id"":""E1004"",""name"":""Arjun Fernandes""}",Mechanical Fitter,Mechanical,14/14 FIFO,
Swing 1 - Day shift,2026-09-02T00:00:00,2026-09-10T00:00:00,100,Mechanical Crew,Day shift,"{""id"":""E1005"",""name"":""Jack Robinson""}",Millwright,Mechanical,14/14 FIFO,Day
Swing 2 - Night shift,2026-09-25T00:00:00,2026-10-08T00:00:00,0,Mechanical Crew,Night shift,"{""id"":""E1005"",""name"":""Jack Robinson""}",Millwright,Mechanical,14/14 FIFO,Night
Swing 3 - Day shift,2026-10-23T00:00:00,2026-11-01T00:00:00,0,Mechanical Crew,Day shift,"{""id"":""E1005"",""name"":""Jack Robinson""}",Millwright,Mechanical,14/14 FIFO,Day
Roster change,2026-11-15T00:00:00,2026-11-15T00:00:00,0,Mechanical Crew,Induction,"{""id"":""E1005"",""name"":""Jack Robinson""}",Millwright,Mechanical,7/7 DIDO,
Swing 4 - Night shift,2026-11-16T00:00:00,2026-11-22T00:00:00,0,Mechanical Crew,Night shift,"{""id"":""E1005"",""name"":""Jack Robinson""}",Millwright,Mechanical,7/7 DIDO,Night
Swing 5 - Day shift,2026-11-30T00:00:00,2026-12-06T00:00:00,0,Mechanical Crew,Day shift,"{""id"":""E1005"",""name"":""Jack Robinson""}",Millwright,Mechanical,7/7 DIDO,Day
Swing 6 - Night shift,2026-12-14T00:00:00,2026-12-20T00:00:00,0,Mechanical Crew,Night shift,"{""id"":""E1005"",""name"":""Jack Robinson""}",Millwright,Mechanical,7/7 DIDO,Night
Swing 7 - Day shift,2026-12-28T00:00:00,2027-01-03T00:00:00,0,Mechanical Crew,Day shift,"{""id"":""E1005"",""name"":""Jack Robinson""}",Millwright,Mechanical,7/7 DIDO,Day
Swing 8 - Night shift,2027-01-11T00:00:00,2027-01-17T00:00:00,0,Mechanical Crew,Night shift,"{""id"":""E1005"",""name"":""Jack Robinson""}",Millwright,Mechanical,7/7 DIDO,Night
Swing 9 - Day shift,2027-01-25T00:00:00,2027-01-31T00:00:00,0,Mechanical Crew,Day shift,"{""id"":""E1005"",""name"":""Jack Robinson""}",Millwright,Mechanical,7/7 DIDO,Day
Swing 10 - Night shift,2027-02-08T00:00:00,2027-02-14T00:00:00,0,Mechanical Crew,Night shift,"{""id"":""E1005"",""name"":""Jack Robinson""}",Millwright,Mechanical,7/7 DIDO,Night
Swing 11 - Day shift,2027-02-22T00:00:00,2027-02-28T00:00:00,0,Mechanical Crew,Day shift,"{""id"":""E1005"",""name"":""Jack Robinson""}",Millwright,Mechanical,7/7 DIDO,Day
Swing 12 - Night shift,2027-03-08T00:00:00,2027-03-14T00:00:00,0,Mechanical Crew,Night shift,"{""id"":""E1005"",""name"":""Jack Robinson""}",Millwright,Mechanical,7/7 DIDO,Night
Annual leave,2027-01-28T00:00:00,2027-02-06T00:00:00,0,Mechanical Crew,Leave,"{""id"":""E1005"",""name"":""Jack Robinson""}",Millwright,Mechanical,7/7 DIDO,
Swing 1 - Night shift,2026-09-04T00:00:00,2026-09-10T00:00:00,100,Mechanical Crew,Night shift,"{""id"":""E1006"",""name"":""Zoe White""}",Mechanical Fitter,Mechanical,7/7 DIDO,Night
Swing 2 - Day shift,2026-09-18T00:00:00,2026-09-24T00:00:00,0,Mechanical Crew,Day shift,"{""id"":""E1006"",""name"":""Zoe White""}",Mechanical Fitter,Mechanical,7/7 DIDO,Day
Swing 3 - Night shift,2026-10-02T00:00:00,2026-10-08T00:00:00,0,Mechanical Crew,Night shift,"{""id"":""E1006"",""name"":""Zoe White""}",Mechanical Fitter,Mechanical,7/7 DIDO,Night
Swing 4 - Day shift,2026-10-16T00:00:00,2026-10-22T00:00:00,0,Mechanical Crew,Day shift,"{""id"":""E1006"",""name"":""Zoe White""}",Mechanical Fitter,Mechanical,7/7 DIDO,Day
Swing 5 - Night shift,2026-10-30T00:00:00,2026-11-05T00:00:00,0,Mechanical Crew,Night shift,"{""id"":""E1006"",""name"":""Zoe White""}",Mechanical Fitter,Mechanical,7/7 DIDO,Night
Swing 6 - Day shift,2026-11-13T00:00:00,2026-11-19T00:00:00,0,Mechanical Crew,Day shift,"{""id"":""E1006"",""name"":""Zoe White""}",Mechanical Fitter,Mechanical,7/7 DIDO,Day
Swing 7 - Night shift,2026-11-27T00:00:00,2026-12-03T00:00:00,0,Mechanical Crew,Night shift,"{""id"":""E1006"",""name"":""Zoe White""}",Mechanical Fitter,Mechanical,7/7 DIDO,Night
Swing 8 - Day shift,2026-12-11T00:00:00,2026-12-17T00:00:00,0,Mechanical Crew,Day shift,"{""id"":""E1006"",""name"":""Zoe White""}",Mechanical Fitter,Mechanical,7/7 DIDO,Day
Swing 9 - Night shift,2026-12-25T00:00:00,2026-12-31T00:00:00,0,Mechanical Crew,Night shift,"{""id"":""E1006"",""name"":""Zoe White""}",Mechanical Fitter,Mechanical,7/7 DIDO,Night
Swing 10 - Day shift,2027-01-08T00:00:00,2027-01-14T00:00:00,0,Mechanical Crew,Day shift,"{""id"":""E1006"",""name"":""Zoe White""}",Mechanical Fitter,Mechanical,7/7 DIDO,Day
Swing 11 - Night shift,2027-01-22T00:00:00,2027-01-28T00:00:00,0,Mechanical Crew,Night shift,"{""id"":""E1006"",""name"":""Zoe White""}",Mechanical Fitter,Mechanical,7/7 DIDO,Night
Swing 12 - Day shift,2027-02-05T00:00:00,2027-02-11T00:00:00,0,Mechanical Crew,Day shift,"{""id"":""E1006"",""name"":""Zoe White""}",Mechanical Fitter,Mechanical,7/7 DIDO,Day
Swing 13 - Night shift,2027-02-19T00:00:00,2027-02-25T00:00:00,0,Mechanical Crew,Night shift,"{""id"":""E1006"",""name"":""Zoe White""}",Mechanical Fitter,Mechanical,7/7 DIDO,Night
Swing 14 - Day shift,2027-03-05T00:00:00,2027-03-11T00:00:00,0,Mechanical Crew,Day shift,"{""id"":""E1006"",""name"":""Zoe White""}",Mechanical Fitter,Mechanical,7/7 DIDO,Day
Swing 1 - Day shift,2026-09-02T00:00:00,2026-09-07T00:00:00,100,Mechanical Crew,Day shift,"{""id"":""E1007"",""name"":""Harper Anderson""}",Mechanical Fitter,Mechanical,8/6 FIFO,Day
Swing 2 - Night shift,2026-09-14T00:00:00,2026-09-21T00:00:00,38,Mechanical Crew,Night shift,"{""id"":""E1007"",""name"":""Harper Anderson""}",Mechanical Fitter,Mechanical,8/6 FIFO,Night
Swing 3 - Day shift,2026-09-28T00:00:00,2026-10-05T00:00:00,0,Mechanical Crew,Day shift,"{""id"":""E1007"",""name"":""Harper Anderson""}",Mechanical Fitter,Mechanical,8/6 FIFO,Day
Swing 4 - Night shift,2026-10-12T00:00:00,2026-10-19T00:00:00,0,Mechanical Crew,Night shift,"{""id"":""E1007"",""name"":""Harper Anderson""}",Mechanical Fitter,Mechanical,8/6 FIFO,Night
Swing 5 - Day shift,2026-10-26T00:00:00,2026-11-02T00:00:00,0,Mechanical Crew,Day shift,"{""id"":""E1007"",""name"":""Harper Anderson""}",Mechanical Fitter,Mechanical,8/6 FIFO,Day
Swing 6 - Night shift,2026-11-09T00:00:00,2026-11-16T00:00:00,0,Mechanical Crew,Night shift,"{""id"":""E1007"",""name"":""Harper Anderson""}",Mechanical Fitter,Mechanical,8/6 FIFO,Night
Swing 7 - Day shift,2026-11-23T00:00:00,2026-11-30T00:00:00,0,Mechanical Crew,Day shift,"{""id"":""E1007"",""name"":""Harper Anderson""}",Mechanical Fitter,Mechanical,8/6 FIFO,Day
Swing 8 - Night shift,2026-12-07T00:00:00,2026-12-14T00:00:00,0,Mechanical Crew,Night shift,"{""id"":""E1007"",""name"":""Harper Anderson""}",Mechanical Fitter,Mechanical,8/6 FIFO,Night
Swing 9 - Day shift,2026-12-21T00:00:00,2026-12-28T00:00:00,0,Mechanical Crew,Day shift,"{""id"":""E1007"",""name"":""Harper Anderson""}",Mechanical Fitter,Mechanical,8/6 FIFO,Day
Swing 10 - Night shift,2027-01-04T00:00:00,2027-01-11T00:00:00,0,Mechanical Crew,Night shift,"{""id"":""E1007"",""name"":""Harper Anderson""}",Mechanical Fitter,Mechanical,8/6 FIFO,Night
Swing 11 - Day shift,2027-01-18T00:00:00,2027-01-25T00:00:00,0,Mechanical Crew,Day shift,"{""id"":""E1007"",""name"":""Harper Anderson""}",Mechanical Fitter,Mechanical,8/6 FIFO,Day
Swing 12 - Night shift,2027-02-01T00:00:00,2027-02-08T00:00:00,0,Mechanical Crew,Night shift,"{""id"":""E1007"",""name"":""Harper Anderson""}",Mechanical Fitter,Mechanical,8/6 FIFO,Night
Swing 13 - Day shift,2027-02-15T00:00:00,2027-02-22T00:00:00,0,Mechanical Crew,Day shift,"{""id"":""E1007"",""name"":""Harper Anderson""}",Mechanical Fitter,Mechanical,8/6 FIFO,Day
Swing 14 - Night shift,2027-03-01T00:00:00,2027-03-08T00:00:00,0,Mechanical Crew,Night shift,"{""id"":""E1007"",""name"":""Harper Anderson""}",Mechanical Fitter,Mechanical,8/6 FIFO,Night
Swing 15 - Day shift,2027-03-15T00:00:00,2027-03-15T00:00:00,0,Mechanical Crew,Day shift,"{""id"":""E1007"",""name"":""Harper Anderson""}",Mechanical Fitter,Mechanical,8/6 FIFO,Day
Sick leave,2026-09-16T00:00:00,2026-09-16T00:00:00,0,Mechanical Crew,Leave,"{""id"":""E1007"",""name"":""Harper Anderson""}",Mechanical Fitter,Mechanical,8/6 FIFO,
Swing 1 - Day shift,2026-09-02T00:00:00,2026-09-05T00:00:00,100,Mechanical Crew,Day shift,"{""id"":""E1008"",""name"":""Riley Smith""}",Mechanical Fitter,Mechanical,14/14 FIFO,Day
Swing 2 - Night shift,2026-09-20T00:00:00,2026-10-03T00:00:00,0,Mechanical Crew,Night shift,"{""id"":""E1008"",""name"":""Riley Smith""}",Mechanical Fitter,Mechanical,14/14 FIFO,Night
Swing 3 - Day shift,2026-10-18T00:00:00,2026-10-31T00:00:00,0,Mechanical Crew,Day shift,"{""id"":""E1008"",""name"":""Riley Smith""}",Mechanical Fitter,Mechanical,14/14 FIFO,Day
Swing 4 - Night shift,2026-11-15T00:00:00,2026-11-28T00:00:00,0,Mechanical Crew,Night shift,"{""id"":""E1008"",""name"":""Riley Smith""}",Mechanical Fitter,Mechanical,14/14 FIFO,Night
Swing 5 - Day shift,2026-12-13T00:00:00,2026-12-26T00:00:00,0,Mechanical Crew,Day shift,"{""id"":""E1008"",""name"":""Riley Smith""}",Mechanical Fitter,Mechanical,14/14 FIFO,Day
Swing 6 - Night shift,2027-01-10T00:00:00,2027-01-23T00:00:00,0,Mechanical Crew,Night shift,"{""id"":""E1008"",""name"":""Riley Smith""}",Mechanical Fitter,Mechanical,14/14 FIFO,Night
Swing 7 - Day shift,2027-02-07T00:00:00,2027-02-20T00:00:00,0,Mechanical Crew,Day shift,"{""id"":""E1008"",""name"":""Riley Smith""}",Mechanical Fitter,Mechanical,14/14 FIFO,Day
Swing 8 - Night shift,2027-03-07T00:00:00,2027-03-15T00:00:00,0,Mechanical Crew,Night shift,"{""id"":""E1008"",""name"":""Riley Smith""}",Mechanical Fitter,Mechanical,14/14 FIFO,Night
Sick leave,2027-02-19T00:00:00,2027-02-19T00:00:00,0,Mechanical Crew,Leave,"{""id"":""E1008"",""name"":""Riley Smith""}",Mechanical Fitter,Mechanical,14/14 FIFO,
Swing 1 - Night shift,2026-09-16T00:00:00,2026-09-29T00:00:00,0,Mechanical Crew,Night shift,"{""id"":""E1009"",""name"":""Oliver Hall""}",Mechanical Fitter,Mechanical,14/14 FIFO,Night
Swing 2 - Day shift,2026-10-14T00:00:00,2026-10-27T00:00:00,0,Mechanical Crew,Day shift,"{""id"":""E1009"",""name"":""Oliver Hall""}",Mechanical Fitter,Mechanical,14/14 FIFO,Day
Swing 3 - Night shift,2026-11-11T00:00:00,2026-11-24T00:00:00,0,Mechanical Crew,Night shift,"{""id"":""E1009"",""name"":""Oliver Hall""}",Mechanical Fitter,Mechanical,14/14 FIFO,Night
Swing 4 - Day shift,2026-12-09T00:00:00,2026-12-22T00:00:00,0,Mechanical Crew,Day shift,"{""id"":""E1009"",""name"":""Oliver Hall""}",Mechanical Fitter,Mechanical,14/14 FIFO,Day
Swing 1 - Day shift,2026-09-07T00:00:00,2026-09-11T00:00:00,100,Mechanical Crew,Day shift,"{""id"":""E1010"",""name"":""Hamish O'Brien""}",Millwright,Mechanical,5/2 Residential,Day
Swing 2 - Day shift,2026-09-14T00:00:00,2026-09-18T00:00:00,60,Mechanical Crew,Day shift,"{""id"":""E1010"",""name"":""Hamish O'Brien""}",Millwright,Mechanical,5/2 Residential,Day
Swing 3 - Day shift,2026-09-21T00:00:00,2026-09-25T00:00:00,0,Mechanical Crew,Day shift,"{""id"":""E1010"",""name"":""Hamish O'Brien""}",Millwright,Mechanical,5/2 Residential,Day
Swing 4 - Day shift,2026-09-28T00:00:00,2026-10-02T00:00:00,0,Mechanical Crew,Day shift,"{""id"":""E1010"",""name"":""Hamish O'Brien""}",Millwright,Mechanical,5/2 Residential,Day
Swing 5 - Day shift,2026-10-05T00:00:00,2026-10-09T00:00:00,0,Mechanical Crew,Day shift,"{""id"":""E1010"",""name"":""Hamish O'Brien""}",Millwright,Mechanical,5/2 Residential,Day
Swing 6 - Day shift,2026-10-12T00:00:00,2026-10-16T00:00:00,0,Mechanical Crew,Day shift,"{""id"":""E1010"",""name"":""Hamish O'Brien""}",Millwright,Mechanical,5/2 Residential,Day
Swing 7 - Day shift,2026-10-19T00:00:00,2026-10-23T00:00:00,0,Mechanical Crew,Day shift,"{""id"":""E1010"",""name"":""Hamish O'Brien""}",Millwright,Mechanical,5/2 Residential,Day
Swing 8 - Day shift,2026-10-26T00:00:00,2026-10-30T00:00:00,0,Mechanical Crew,Day shift,"{""id"":""E1010"",""name"":""Hamish O'Brien""}",Millwright,Mechanical,5/2 Residential,Day
Swing 9 - Day shift,2026-11-02T00:00:00,2026-11-06T00:00:00,0,Mechanical Crew,Day shift,"{""id"":""E1010"",""name"":""Hamish O'Brien""}",Millwright,Mechanical,5/2 Residential,Day
Swing 10 - Day shift,2026-11-09T00:00:00,2026-11-13T00:00:00,0,Mechanical Crew,Day shift,"{""id"":""E1010"",""name"":""Hamish O'Brien""}",Millwright,Mechanical,5/2 Residential,Day
Swing 11 - Day shift,2026-11-16T00:00:00,2026-11-20T00:00:00,0,Mechanical Crew,Day shift,"{""id"":""E1010"",""name"":""Hamish O'Brien""}",Millwright,Mechanical,5/2 Residential,Day
Swing 12 - Day shift,2026-11-23T00:00:00,2026-11-27T00:00:00,0,Mechanical Crew,Day shift,"{""id"":""E1010"",""name"":""Hamish O'Brien""}",Millwright,Mechanical,5/2 Residential,Day
Swing 13 - Day shift,2026-11-30T00:00:00,2026-12-04T00:00:00,0,Mechanical Crew,Day shift,"{""id"":""E1010"",""name"":""Hamish O'Brien""}",Millwright,Mechanical,5/2 Residential,Day
Swing 14 - Day shift,2026-12-07T00:00:00,2026-12-11T00:00:00,0,Mechanical Crew,Day shift,"{""id"":""E1010"",""name"":""Hamish O'Brien""}",Millwright,Mechanical,5/2 Residential,Day
Swing 15 - Day shift,2026-12-14T00:00:00,2026-12-18T00:00:00,0,Mechanical Crew,Day shift,"{""id"":""E1010"",""name"":""Hamish O'Brien""}",Millwright,Mechanical,5/2 Residential,Day
Swing 16 - Day shift,2026-12-21T00:00:00,2026-12-25T00:00:00,0,Mechanical Crew,Day shift,"{""id"":""E1010"",""name"":""Hamish O'Brien""}",Millwright,Mechanical,5/2 Residential,Day
Swing 17 - Day shift,2026-12-28T00:00:00,2027-01-01T00:00:00,0,Mechanical Crew,Day shift,"{""id"":""E1010"",""name"":""Hamish O'Brien""}",Millwright,Mechanical,5/2 Residential,Day
Swing 18 - Day shift,2027-01-04T00:00:00,2027-01-08T00:00:00,0,Mechanical Crew,Day shift,"{""id"":""E1010"",""name"":""Hamish O'Brien""}",Millwright,Mechanical,5/2 Residential,Day
Swing 19 - Day shift,2027-01-11T00:00:00,2027-01-15T00:00:00,0,Mechanical Crew,Day shift,"{""id"":""E1010"",""name"":""Hamish O'Brien""}",Millwright,Mechanical,5/2 Residential,Day
Swing 20 - Day shift,2027-01-18T00:00:00,2027-01-22T00:00:00,0,Mechanical Crew,Day shift,"{""id"":""E1010"",""name"":""Hamish O'Brien""}",Millwright,Mechanical,5/2 Residential,Day
Swing 21 - Day shift,2027-01-25T00:00:00,2027-01-29T00:00:00,0,Mechanical Crew,Day shift,"{""id"":""E1010"",""name"":""Hamish O'Brien""}",Millwright,Mechanical,5/2 Residential,Day
Swing 22 - Day shift,2027-02-01T00:00:00,2027-02-05T00:00:00,0,Mechanical Crew,Day shift,"{""id"":""E1010"",""name"":""Hamish O'Brien""}",Millwright,Mechanical,5/2 Residential,Day
Swing 23 - Day shift,2027-02-08T00:00:00,2027-02-12T00:00:00,0,Mechanical Crew,Day shift,"{""id"":""E1010"",""name"":""Hamish O'Brien""}",Millwright,Mechanical,5/2 Residential,Day
Swing 24 - Day shift,2027-02-15T00:00:00,2027-02-19T00:00:00,0,Mechanical Crew,Day shift,"{""id"":""E1010"",""name"":""Hamish O'Brien""}",Millwright,Mechanical,5/2 Residential,Day
Swing 25 - Day shift,2027-02-22T00:00:00,2027-02-26T00:00:00,0,Mechanical Crew,Day shift,"{""id"":""E1010"",""name"":""Hamish O'Brien""}",Millwright,Mechanical,5/2 Residential,Day
Swing 26 - Day shift,2027-03-01T00:00:00,2027-03-05T00:00:00,0,Mechanical Crew,Day shift,"{""id"":""E1010"",""name"":""Hamish O'Brien""}",Millwright,Mechanical,5/2 Residential,Day
Swing 27 - Day shift,2027-03-08T00:00:00,2027-03-12T00:00:00,0,Mechanical Crew,Day shift,"{""id"":""E1010"",""name"":""Hamish O'Brien""}",Millwright,Mechanical,5/2 Residential,Day
Swing 28 - Day shift,2027-03-15T00:00:00,2027-03-15T00:00:00,0,Mechanical Crew,Day shift,"{""id"":""E1010"",""name"":""Hamish O'Brien""}",Millwright,Mechanical,5/2 Residential,Day
Annual leave,2027-01-13T00:00:00,2027-01-21T00:00:00,0,Mechanical Crew,Leave,"{""id"":""E1010"",""name"":""Hamish O'Brien""}",Millwright,Mechanical,5/2 Residential,
Swing 1 - Day shift,2026-09-02T00:00:00,2026-09-09T00:00:00,100,Mechanical Crew,Day shift,"{""id"":""E1011"",""name"":""Sophie Anderson""}",Millwright,Mechanical,8/6 FIFO,Day
Annual leave,2026-09-16T00:00:00,2026-09-23T00:00:00,0,Mechanical Crew,Leave,"{""id"":""E1011"",""name"":""Sophie Anderson""}",Millwright,Mechanical,8/6 FIFO,
Swing 3 - Night shift,2026-09-30T00:00:00,2026-10-07T00:00:00,0,Mechanical Crew,Night shift,"{""id"":""E1011"",""name"":""Sophie Anderson""}",Millwright,Mechanical,8/6 FIFO,Night
Swing 4 - Day shift,2026-10-14T00:00:00,2026-10-21T00:00:00,0,Mechanical Crew,Day shift,"{""id"":""E1011"",""name"":""Sophie Anderson""}",Millwright,Mechanical,8/6 FIFO,Day
Swing 5 - Night shift,2026-10-28T00:00:00,2026-11-04T00:00:00,0,Mechanical Crew,Night shift,"{""id"":""E1011"",""name"":""Sophie Anderson""}",Millwright,Mechanical,8/6 FIFO,Night
Swing 6 - Day shift,2026-11-11T00:00:00,2026-11-18T00:00:00,0,Mechanical Crew,Day shift,"{""id"":""E1011"",""name"":""Sophie Anderson""}",Millwright,Mechanical,8/6 FIFO,Day
Swing 7 - Night shift,2026-11-25T00:00:00,2026-12-02T00:00:00,0,Mechanical Crew,Night shift,"{""id"":""E1011"",""name"":""Sophie Anderson""}",Millwright,Mechanical,8/6 FIFO,Night
Swing 8 - Day shift,2026-12-09T00:00:00,2026-12-16T00:00:00,0,Mechanical Crew,Day shift,"{""id"":""E1011"",""name"":""Sophie Anderson""}",Millwright,Mechanical,8/6 FIFO,Day
Swing 9 - Night shift,2026-12-23T00:00:00,2026-12-30T00:00:00,0,Mechanical Crew,Night shift,"{""id"":""E1011"",""name"":""Sophie Anderson""}",Millwright,Mechanical,8/6 FIFO,Night
Swing 10 - Day shift,2027-01-06T00:00:00,2027-01-13T00:00:00,0,Mechanical Crew,Day shift,"{""id"":""E1011"",""name"":""Sophie Anderson""}",Millwright,Mechanical,8/6 FIFO,Day
Swing 11 - Night shift,2027-01-20T00:00:00,2027-01-27T00:00:00,0,Mechanical Crew,Night shift,"{""id"":""E1011"",""name"":""Sophie Anderson""}",Millwright,Mechanical,8/6 FIFO,Night
Swing 12 - Day shift,2027-02-03T00:00:00,2027-02-10T00:00:00,0,Mechanical Crew,Day shift,"{""id"":""E1011"",""name"":""Sophie Anderson""}",Millwright,Mechanical,8/6 FIFO,Day
Swing 13 - Night shift,2027-02-17T00:00:00,2027-02-24T00:00:00,0,Mechanical Crew,Night shift,"{""id"":""E1011"",""name"":""Sophie Anderson""}",Millwright,Mechanical,8/6 FIFO,Night
Swing 14 - Day shift,2027-03-03T00:00:00,2027-03-10T00:00:00,0,Mechanical Crew,Day shift,"{""id"":""E1011"",""name"":""Sophie Anderson""}",Millwright,Mechanical,8/6 FIFO,Day
Sick leave,2027-03-07T00:00:00,2027-03-09T00:00:00,0,Mechanical Crew,Leave,"{""id"":""E1011"",""name"":""Sophie Anderson""}",Millwright,Mechanical,8/6 FIFO,
Swing 1 - Night shift,2026-09-02T00:00:00,2026-09-09T00:00:00,100,Mechanical Crew,Night shift,"{""id"":""E1012"",""name"":""Lucia Jackson""}",Mechanical Fitter,Mechanical,14/14 FIFO,Night
Swing 2 - Day shift,2026-09-24T00:00:00,2026-10-07T00:00:00,0,Mechanical Crew,Day shift,"{""id"":""E1012"",""name"":""Lucia Jackson""}",Mechanical Fitter,Mechanical,14/14 FIFO,Day
Swing 3 - Night shift,2026-10-22T00:00:00,2026-11-04T00:00:00,0,Mechanical Crew,Night shift,"{""id"":""E1012"",""name"":""Lucia Jackson""}",Mechanical Fitter,Mechanical,14/14 FIFO,Night
Swing 4 - Day shift,2026-11-19T00:00:00,2026-12-02T00:00:00,0,Mechanical Crew,Day shift,"{""id"":""E1012"",""name"":""Lucia Jackson""}",Mechanical Fitter,Mechanical,14/14 FIFO,Day
Swing 5 - Night shift,2026-12-17T00:00:00,2026-12-30T00:00:00,0,Mechanical Crew,Night shift,"{""id"":""E1012"",""name"":""Lucia Jackson""}",Mechanical Fitter,Mechanical,14/14 FIFO,Night
Swing 6 - Day shift,2027-01-14T00:00:00,2027-01-27T00:00:00,0,Mechanical Crew,Day shift,"{""id"":""E1012"",""name"":""Lucia Jackson""}",Mechanical Fitter,Mechanical,14/14 FIFO,Day
Swing 7 - Night shift,2027-02-11T00:00:00,2027-02-24T00:00:00,0,Mechanical Crew,Night shift,"{""id"":""E1012"",""name"":""Lucia Jackson""}",Mechanical Fitter,Mechanical,14/14 FIFO,Night
Swing 8 - Day shift,2027-03-11T00:00:00,2027-03-15T00:00:00,0,Mechanical Crew,Day shift,"{""id"":""E1012"",""name"":""Lucia Jackson""}",Mechanical Fitter,Mechanical,14/14 FIFO,Day
Site induction,2026-12-02T00:00:00,2026-12-02T00:00:00,0,Mechanical Crew,Induction,"{""id"":""E1013"",""name"":""Jack Davis""}",Mechanical Fitter,Mechanical,5/2 Residential,
Swing 1 - Day shift,2026-12-07T00:00:00,2026-12-11T00:00:00,0,Mechanical Crew,Day shift,"{""id"":""E1013"",""name"":""Jack Davis""}",Mechanical Fitter,Mechanical,5/2 Residential,Day
Swing 2 - Day shift,2026-12-14T00:00:00,2026-12-18T00:00:00,0,Mechanical Crew,Day shift,"{""id"":""E1013"",""name"":""Jack Davis""}",Mechanical Fitter,Mechanical,5/2 Residential,Day
Swing 3 - Day shift,2026-12-21T00:00:00,2026-12-25T00:00:00,0,Mechanical Crew,Day shift,"{""id"":""E1013"",""name"":""Jack Davis""}",Mechanical Fitter,Mechanical,5/2 Residential,Day
Swing 4 - Day shift,2026-12-28T00:00:00,2027-01-01T00:00:00,0,Mechanical Crew,Day shift,"{""id"":""E1013"",""name"":""Jack Davis""}",Mechanical Fitter,Mechanical,5/2 Residential,Day
Swing 5 - Day shift,2027-01-04T00:00:00,2027-01-08T00:00:00,0,Mechanical Crew,Day shift,"{""id"":""E1013"",""name"":""Jack Davis""}",Mechanical Fitter,Mechanical,5/2 Residential,Day
Swing 6 - Day shift,2027-01-11T00:00:00,2027-01-15T00:00:00,0,Mechanical Crew,Day shift,"{""id"":""E1013"",""name"":""Jack Davis""}",Mechanical Fitter,Mechanical,5/2 Residential,Day
Swing 7 - Day shift,2027-01-18T00:00:00,2027-01-22T00:00:00,0,Mechanical Crew,Day shift,"{""id"":""E1013"",""name"":""Jack Davis""}",Mechanical Fitter,Mechanical,5/2 Residential,Day
Swing 8 - Day shift,2027-01-25T00:00:00,2027-01-29T00:00:00,0,Mechanical Crew,Day shift,"{""id"":""E1013"",""name"":""Jack Davis""}",Mechanical Fitter,Mechanical,5/2 Residential,Day
Swing 9 - Day shift,2027-02-01T00:00:00,2027-02-05T00:00:00,0,Mechanical Crew,Day shift,"{""id"":""E1013"",""name"":""Jack Davis""}",Mechanical Fitter,Mechanical,5/2 Residential,Day
Swing 10 - Day shift,2027-02-08T00:00:00,2027-02-12T00:00:00,0,Mechanical Crew,Day shift,"{""id"":""E1013"",""name"":""Jack Davis""}",Mechanical Fitter,Mechanical,5/2 Residential,Day
Swing 11 - Day shift,2027-02-15T00:00:00,2027-02-19T00:00:00,0,Mechanical Crew,Day shift,"{""id"":""E1013"",""name"":""Jack Davis""}",Mechanical Fitter,Mechanical,5/2 Residential,Day
Swing 12 - Day shift,2027-02-22T00:00:00,2027-02-26T00:00:00,0,Mechanical Crew,Day shift,"{""id"":""E1013"",""name"":""Jack Davis""}",Mechanical Fitter,Mechanical,5/2 Residential,Day
Swing 13 - Day shift,2027-03-01T00:00:00,2027-03-05T00:00:00,0,Mechanical Crew,Day shift,"{""id"":""E1013"",""name"":""Jack Davis""}",Mechanical Fitter,Mechanical,5/2 Residential,Day
Swing 14 - Day shift,2027-03-08T00:00:00,2027-03-12T00:00:00,0,Mechanical Crew,Day shift,"{""id"":""E1013"",""name"":""Jack Davis""}",Mechanical Fitter,Mechanical,5/2 Residential,Day
Swing 15 - Day shift,2027-03-15T00:00:00,2027-03-15T00:00:00,0,Mechanical Crew,Day shift,"{""id"":""E1013"",""name"":""Jack Davis""}",Mechanical Fitter,Mechanical,5/2 Residential,Day
Swing 1 - Night shift,2026-09-07T00:00:00,2026-09-11T00:00:00,100,Mechanical Crew,Night shift,"{""id"":""E1014"",""name"":""Ella Williams""}",Mechanical Fitter,Mechanical,5/2 Residential,Night
Swing 2 - Night shift,2026-09-14T00:00:00,2026-09-18T00:00:00,60,Mechanical Crew,Night shift,"{""id"":""E1014"",""name"":""Ella Williams""}",Mechanical Fitter,Mechanical,5/2 Residential,Night
Swing 3 - Night shift,2026-09-21T00:00:00,2026-09-25T00:00:00,0,Mechanical Crew,Night shift,"{""id"":""E1014"",""name"":""Ella Williams""}",Mechanical Fitter,Mechanical,5/2 Residential,Night
Swing 4 - Night shift,2026-09-28T00:00:00,2026-10-02T00:00:00,0,Mechanical Crew,Night shift,"{""id"":""E1014"",""name"":""Ella Williams""}",Mechanical Fitter,Mechanical,5/2 Residential,Night
Swing 5 - Night shift,2026-10-05T00:00:00,2026-10-09T00:00:00,0,Mechanical Crew,Night shift,"{""id"":""E1014"",""name"":""Ella Williams""}",Mechanical Fitter,Mechanical,5/2 Residential,Night
Swing 6 - Night shift,2026-10-12T00:00:00,2026-10-16T00:00:00,0,Mechanical Crew,Night shift,"{""id"":""E1014"",""name"":""Ella Williams""}",Mechanical Fitter,Mechanical,5/2 Residential,Night
Swing 7 - Night shift,2026-10-19T00:00:00,2026-10-23T00:00:00,0,Mechanical Crew,Night shift,"{""id"":""E1014"",""name"":""Ella Williams""}",Mechanical Fitter,Mechanical,5/2 Residential,Night
Swing 8 - Night shift,2026-10-26T00:00:00,2026-10-30T00:00:00,0,Mechanical Crew,Night shift,"{""id"":""E1014"",""name"":""Ella Williams""}",Mechanical Fitter,Mechanical,5/2 Residential,Night
Swing 9 - Night shift,2026-11-02T00:00:00,2026-11-06T00:00:00,0,Mechanical Crew,Night shift,"{""id"":""E1014"",""name"":""Ella Williams""}",Mechanical Fitter,Mechanical,5/2 Residential,Night
Swing 10 - Night shift,2026-11-09T00:00:00,2026-11-13T00:00:00,0,Mechanical Crew,Night shift,"{""id"":""E1014"",""name"":""Ella Williams""}",Mechanical Fitter,Mechanical,5/2 Residential,Night
Swing 11 - Night shift,2026-11-16T00:00:00,2026-11-20T00:00:00,0,Mechanical Crew,Night shift,"{""id"":""E1014"",""name"":""Ella Williams""}",Mechanical Fitter,Mechanical,5/2 Residential,Night
Swing 12 - Night shift,2026-11-23T00:00:00,2026-11-26T00:00:00,0,Mechanical Crew,Night shift,"{""id"":""E1014"",""name"":""Ella Williams""}",Mechanical Fitter,Mechanical,5/2 Residential,Night
Roster change,2026-12-20T00:00:00,2026-12-20T00:00:00,0,Mechanical Crew,Induction,"{""id"":""E1014"",""name"":""Ella Williams""}",Mechanical Fitter,Mechanical,14/14 FIFO,
Swing 13 - Night shift,2026-12-21T00:00:00,2027-01-03T00:00:00,0,Mechanical Crew,Night shift,"{""id"":""E1014"",""name"":""Ella Williams""}",Mechanical Fitter,Mechanical,14/14 FIFO,Night
Swing 14 - Day shift,2027-01-18T00:00:00,2027-01-31T00:00:00,0,Mechanical Crew,Day shift,"{""id"":""E1014"",""name"":""Ella Williams""}",Mechanical Fitter,Mechanical,14/14 FIFO,Day
Swing 15 - Night shift,2027-02-15T00:00:00,2027-02-28T00:00:00,0,Mechanical Crew,Night shift,"{""id"":""E1014"",""name"":""Ella Williams""}",Mechanical Fitter,Mechanical,14/14 FIFO,Night
Swing 16 - Day shift,2027-03-15T00:00:00,2027-03-15T00:00:00,0,Mechanical Crew,Day shift,"{""id"":""E1014"",""name"":""Ella Williams""}",Mechanical Fitter,Mechanical,14/14 FIFO,Day
Site induction,2026-09-29T00:00:00,2026-09-29T00:00:00,0,Mechanical Crew,Induction,"{""id"":""E1015"",""name"":""Lucas Fernandes""}",Millwright,Mechanical,21/7 FIFO,
Swing 1 - Day shift,2026-09-30T00:00:00,2026-10-20T00:00:00,0,Mechanical Crew,Day shift,"{""id"":""E1015"",""name"":""Lucas Fernandes""}",Millwright,Mechanical,21/7 FIFO,Day
Swing 2 - Night shift,2026-10-28T00:00:00,2026-11-17T00:00:00,0,Mechanical Crew,Night shift,"{""id"":""E1015"",""name"":""Lucas Fernandes""}",Millwright,Mechanical,21/7 FIFO,Night
Swing 3 - Day shift,2026-11-25T00:00:00,2026-12-15T00:00:00,0,Mechanical Crew,Day shift,"{""id"":""E1015"",""name"":""Lucas Fernandes""}",Millwright,Mechanical,21/7 FIFO,Day
Swing 4 - Night shift,2026-12-23T00:00:00,2027-01-12T00:00:00,0,Mechanical Crew,Night shift,"{""id"":""E1015"",""name"":""Lucas Fernandes""}",Millwright,Mechanical,21/7 FIFO,Night
Swing 5 - Day shift,2027-01-20T00:00:00,2027-02-09T00:00:00,0,Mechanical Crew,Day shift,"{""id"":""E1015"",""name"":""Lucas Fernandes""}",Millwright,Mechanical,21/7 FIFO,Day
Swing 6 - Night shift,2027-02-17T00:00:00,2027-03-09T00:00:00,0,Mechanical Crew,Night shift,"{""id"":""E1015"",""name"":""Lucas Fernandes""}",Millwright,Mechanical,21/7 FIFO,Night
Sick leave,2026-11-26T00:00:00,2026-11-27T00:00:00,0,Mechanical Crew,Leave,"{""id"":""E1015"",""name"":""Lucas Fernandes""}",Millwright,Mechanical,21/7 FIFO,
Site induction,2026-11-27T00:00:00,2026-11-27T00:00:00,0,Mechanical Crew,Induction,"{""id"":""E1016"",""name"":""Declan Patel""}",Millwright,Mechanical,14/14 FIFO,
Swing 1 - Day shift,2026-11-28T00:00:00,2026-12-11T00:00:00,0,Mechanical Crew,Day shift,"{""id"":""E1016"",""name"":""Declan Patel""}",Millwright,Mechanical,14/14 FIFO,Day
Swing 2 - Night shift,2026-12-26T00:00:00,2027-01-08T00:00:00,0,Mechanical Crew,Night shift,"{""id"":""E1016"",""name"":""Declan Patel""}",Millwright,Mechanical,14/14 FIFO,Night
Swing 3 - Day shift,2027-01-23T00:00:00,2027-02-05T00:00:00,0,Mechanical Crew,Day shift,"{""id"":""E1016"",""name"":""Declan Patel""}",Millwright,Mechanical,14/14 FIFO,Day
Swing 4 - Night shift,2027-02-20T00:00:00,2027-03-05T00:00:00,0,Mechanical Crew,Night shift,"{""id"":""E1016"",""name"":""Declan Patel""}",Millwright,Mechanical,14/14 FIFO,Night
Sick leave,2027-02-01T00:00:00,2027-02-03T00:00:00,0,Mechanical Crew,Leave,"{""id"":""E1016"",""name"":""Declan Patel""}",Millwright,Mechanical,14/14 FIFO,
Annual leave,2027-02-27T00:00:00,2027-03-10T00:00:00,0,Mechanical Crew,Leave,"{""id"":""E1016"",""name"":""Declan Patel""}",Millwright,Mechanical,14/14 FIFO,
Swing 1 - Night shift,2026-09-07T00:00:00,2026-09-11T00:00:00,100,Mechanical Crew,Night shift,"{""id"":""E1017"",""name"":""Jack Smith""}",Leading Hand Fitter,Mechanical,5/2 Residential,Night
Swing 2 - Night shift,2026-09-14T00:00:00,2026-09-18T00:00:00,60,Mechanical Crew,Night shift,"{""id"":""E1017"",""name"":""Jack Smith""}",Leading Hand Fitter,Mechanical,5/2 Residential,Night
Swing 3 - Night shift,2026-09-21T00:00:00,2026-09-25T00:00:00,0,Mechanical Crew,Night shift,"{""id"":""E1017"",""name"":""Jack Smith""}",Leading Hand Fitter,Mechanical,5/2 Residential,Night
Swing 4 - Night shift,2026-09-28T00:00:00,2026-10-02T00:00:00,0,Mechanical Crew,Night shift,"{""id"":""E1017"",""name"":""Jack Smith""}",Leading Hand Fitter,Mechanical,5/2 Residential,Night
Swing 5 - Night shift,2026-10-05T00:00:00,2026-10-09T00:00:00,0,Mechanical Crew,Night shift,"{""id"":""E1017"",""name"":""Jack Smith""}",Leading Hand Fitter,Mechanical,5/2 Residential,Night
Swing 6 - Night shift,2026-10-12T00:00:00,2026-10-16T00:00:00,0,Mechanical Crew,Night shift,"{""id"":""E1017"",""name"":""Jack Smith""}",Leading Hand Fitter,Mechanical,5/2 Residential,Night
Swing 7 - Night shift,2026-10-19T00:00:00,2026-10-23T00:00:00,0,Mechanical Crew,Night shift,"{""id"":""E1017"",""name"":""Jack Smith""}",Leading Hand Fitter,Mechanical,5/2 Residential,Night
Swing 8 - Night shift,2026-10-26T00:00:00,2026-10-30T00:00:00,0,Mechanical Crew,Night shift,"{""id"":""E1017"",""name"":""Jack Smith""}",Leading Hand Fitter,Mechanical,5/2 Residential,Night
Swing 9 - Night shift,2026-11-02T00:00:00,2026-11-06T00:00:00,0,Mechanical Crew,Night shift,"{""id"":""E1017"",""name"":""Jack Smith""}",Leading Hand Fitter,Mechanical,5/2 Residential,Night
Roster change,2026-11-28T00:00:00,2026-11-28T00:00:00,0,Mechanical Crew,Induction,"{""id"":""E1017"",""name"":""Jack Smith""}",Leading Hand Fitter,Mechanical,14/14 FIFO,
Swing 10 - Night shift,2026-11-29T00:00:00,2026-12-12T00:00:00,0,Mechanical Crew,Night shift,"{""id"":""E1017"",""name"":""Jack Smith""}",Leading Hand Fitter,Mechanical,14/14 FIFO,Night
Swing 11 - Day shift,2026-12-27T00:00:00,2027-01-09T00:00:00,0,Mechanical Crew,Day shift,"{""id"":""E1017"",""name"":""Jack Smith""}",Leading Hand Fitter,Mechanical,14/14 FIFO,Day
Swing 12 - Night shift,2027-01-24T00:00:00,2027-02-06T00:00:00,0,Mechanical Crew,Night shift,"{""id"":""E1017"",""name"":""Jack Smith""}",Leading Hand Fitter,Mechanical,14/14 FIFO,Night
Swing 13 - Day shift,2027-02-21T00:00:00,2027-03-06T00:00:00,0,Mechanical Crew,Day shift,"{""id"":""E1017"",""name"":""Jack Smith""}",Leading Hand Fitter,Mechanical,14/14 FIFO,Day
Swing 1 - Night shift,2026-09-02T00:00:00,2026-09-04T00:00:00,100,Mechanical Crew,Night shift,"{""id"":""E1018"",""name"":""Lachlan Kelly""}",Mechanical Fitter,Mechanical,7/7 DIDO,Night
Swing 2 - Day shift,2026-09-12T00:00:00,2026-09-18T00:00:00,71,Mechanical Crew,Day shift,"{""id"":""E1018"",""name"":""Lachlan Kelly""}",Mechanical Fitter,Mechanical,7/7 DIDO,Day
Swing 3 - Night shift,2026-09-26T00:00:00,2026-10-02T00:00:00,0,Mechanical Crew,Night shift,"{""id"":""E1018"",""name"":""Lachlan Kelly""}",Mechanical Fitter,Mechanical,7/7 DIDO,Night
Swing 4 - Day shift,2026-10-10T00:00:00,2026-10-16T00:00:00,0,Mechanical Crew,Day shift,"{""id"":""E1018"",""name"":""Lachlan Kelly""}",Mechanical Fitter,Mechanical,7/7 DIDO,Day
Annual leave,2026-10-24T00:00:00,2026-10-30T00:00:00,0,Mechanical Crew,Leave,"{""id"":""E1018"",""name"":""Lachlan Kelly""}",Mechanical Fitter,Mechanical,7/7 DIDO,
Swing 6 - Night shift,2026-11-07T00:00:00,2026-11-13T00:00:00,0,Mechanical Crew,Night shift,"{""id"":""E1018"",""name"":""Lachlan Kelly""}",Mechanical Fitter,Mechanical,7/7 DIDO,Night
Swing 7 - Day shift,2026-11-21T00:00:00,2026-11-27T00:00:00,0,Mechanical Crew,Day shift,"{""id"":""E1018"",""name"":""Lachlan Kelly""}",Mechanical Fitter,Mechanical,7/7 DIDO,Day
Swing 8 - Night shift,2026-12-05T00:00:00,2026-12-11T00:00:00,0,Mechanical Crew,Night shift,"{""id"":""E1018"",""name"":""Lachlan Kelly""}",Mechanical Fitter,Mechanical,7/7 DIDO,Night
Swing 9 - Day shift,2026-12-19T00:00:00,2026-12-25T00:00:00,0,Mechanical Crew,Day shift,"{""id"":""E1018"",""name"":""Lachlan Kelly""}",Mechanical Fitter,Mechanical,7/7 DIDO,Day
Swing 10 - Night shift,2027-01-02T00:00:00,2027-01-08T00:00:00,0,Mechanical Crew,Night shift,"{""id"":""E1018"",""name"":""Lachlan Kelly""}",Mechanical Fitter,Mechanical,7/7 DIDO,Night
Swing 11 - Day shift,2027-01-16T00:00:00,2027-01-22T00:00:00,0,Mechanical Crew,Day shift,"{""id"":""E1018"",""name"":""Lachlan Kelly""}",Mechanical Fitter,Mechanical,7/7 DIDO,Day
Swing 12 - Night shift,2027-01-30T00:00:00,2027-02-05T00:00:00,0,Mechanical Crew,Night shift,"{""id"":""E1018"",""name"":""Lachlan Kelly""}",Mechanical Fitter,Mechanical,7/7 DIDO,Night
Swing 13 - Day shift,2027-02-13T00:00:00,2027-02-19T00:00:00,0,Mechanical Crew,Day shift,"{""id"":""E1018"",""name"":""Lachlan Kelly""}",Mechanical Fitter,Mechanical,7/7 DIDO,Day
Swing 14 - Night shift,2027-02-27T00:00:00,2027-03-05T00:00:00,0,Mechanical Crew,Night shift,"{""id"":""E1018"",""name"":""Lachlan Kelly""}",Mechanical Fitter,Mechanical,7/7 DIDO,Night
Swing 15 - Day shift,2027-03-13T00:00:00,2027-03-15T00:00:00,0,Mechanical Crew,Day shift,"{""id"":""E1018"",""name"":""Lachlan Kelly""}",Mechanical Fitter,Mechanical,7/7 DIDO,Day
Sick leave,2026-10-11T00:00:00,2026-10-13T00:00:00,0,Mechanical Crew,Leave,"{""id"":""E1018"",""name"":""Lachlan Kelly""}",Mechanical Fitter,Mechanical,7/7 DIDO,
Site induction,2026-11-13T00:00:00,2026-11-13T00:00:00,0,Mechanical Crew,Induction,"{""id"":""E1019"",""name"":""Sophie Taylor""}",Mechanical Fitter,Mechanical,7/7 DIDO,
Swing 1 - Day shift,2026-11-14T00:00:00,2026-11-20T00:00:00,0,Mechanical Crew,Day shift,"{""id"":""E1019"",""name"":""Sophie Taylor""}",Mechanical Fitter,Mechanical,7/7 DIDO,Day
Swing 2 - Night shift,2026-11-28T00:00:00,2026-12-04T00:00:00,0,Mechanical Crew,Night shift,"{""id"":""E1019"",""name"":""Sophie Taylor""}",Mechanical Fitter,Mechanical,7/7 DIDO,Night
Swing 3 - Day shift,2026-12-12T00:00:00,2026-12-18T00:00:00,0,Mechanical Crew,Day shift,"{""id"":""E1019"",""name"":""Sophie Taylor""}",Mechanical Fitter,Mechanical,7/7 DIDO,Day
Swing 4 - Night shift,2026-12-26T00:00:00,2027-01-01T00:00:00,0,Mechanical Crew,Night shift,"{""id"":""E1019"",""name"":""Sophie Taylor""}",Mechanical Fitter,Mechanical,7/7 DIDO,Night
Annual leave,2027-01-09T00:00:00,2027-01-15T00:00:00,0,Mechanical Crew,Leave,"{""id"":""E1019"",""name"":""Sophie Taylor""}",Mechanical Fitter,Mechanical,7/7 DIDO,
Swing 6 - Day shift,2027-01-23T00:00:00,2027-01-29T00:00:00,0,Mechanical Crew,Day shift,"{""id"":""E1019"",""name"":""Sophie Taylor""}",Mechanical Fitter,Mechanical,7/7 DIDO,Day
Swing 7 - Night shift,2027-02-06T00:00:00,2027-02-12T00:00:00,0,Mechanical Crew,Night shift,"{""id"":""E1019"",""name"":""Sophie Taylor""}",Mechanical Fitter,Mechanical,7/7 DIDO,Night
Swing 8 - Day shift,2027-02-20T00:00:00,2027-02-26T00:00:00,0,Mechanical Crew,Day shift,"{""id"":""E1019"",""name"":""Sophie Taylor""}",Mechanical Fitter,Mechanical,7/7 DIDO,Day
Swing 9 - Night shift,2027-03-06T00:00:00,2027-03-12T00:00:00,0,Mechanical Crew,Night shift,"{""id"":""E1019"",""name"":""Sophie Taylor""}",Mechanical Fitter,Mechanical,7/7 DIDO,Night
Swing 1 - Day shift,2026-09-06T00:00:00,2026-09-13T00:00:00,100,Mechanical Crew,Day shift,"{""id"":""E1020"",""name"":""Mateo Taylor""}",Leading Hand Fitter,Mechanical,8/6 FIFO,Day
Swing 2 - Night shift,2026-09-20T00:00:00,2026-09-27T00:00:00,0,Mechanical Crew,Night shift,"{""id"":""E1020"",""name"":""Mateo Taylor""}",Leading Hand Fitter,Mechanical,8/6 FIFO,Night
Swing 3 - Day shift,2026-10-04T00:00:00,2026-10-11T00:00:00,0,Mechanical Crew,Day shift,"{""id"":""E1020"",""name"":""Mateo Taylor""}",Leading Hand Fitter,Mechanical,8/6 FIFO,Day
Swing 4 - Night shift,2026-10-18T00:00:00,2026-10-25T00:00:00,0,Mechanical Crew,Night shift,"{""id"":""E1020"",""name"":""Mateo Taylor""}",Leading Hand Fitter,Mechanical,8/6 FIFO,Night
Swing 5 - Day shift,2026-11-01T00:00:00,2026-11-08T00:00:00,0,Mechanical Crew,Day shift,"{""id"":""E1020"",""name"":""Mateo Taylor""}",Leading Hand Fitter,Mechanical,8/6 FIFO,Day
Swing 6 - Night shift,2026-11-15T00:00:00,2026-11-22T00:00:00,0,Mechanical Crew,Night shift,"{""id"":""E1020"",""name"":""Mateo Taylor""}",Leading Hand Fitter,Mechanical,8/6 FIFO,Night
Swing 7 - Day shift,2026-11-29T00:00:00,2026-12-06T00:00:00,0,Mechanical Crew,Day shift,"{""id"":""E1020"",""name"":""Mateo Taylor""}",Leading Hand Fitter,Mechanical,8/6 FIFO,Day
Swing 8 - Night shift,2026-12-13T00:00:00,2026-12-20T00:00:00,0,Mechanical Crew,Night shift,"{""id"":""E1020"",""name"":""Mateo Taylor""}",Leading Hand Fitter,Mechanical,8/6 FIFO,Night
Swing 9 - Day shift,2026-12-27T00:00:00,2027-01-03T00:00:00,0,Mechanical Crew,Day shift,"{""id"":""E1020"",""name"":""Mateo Taylor""}",Leading Hand Fitter,Mechanical,8/6 FIFO,Day
Swing 10 - Night shift,2027-01-10T00:00:00,2027-01-17T00:00:00,0,Mechanical Crew,Night shift,"{""id"":""E1020"",""name"":""Mateo Taylor""}",Leading Hand Fitter,Mechanical,8/6 FIFO,Night
Swing 11 - Day shift,2027-01-24T00:00:00,2027-01-31T00:00:00,0,Mechanical Crew,Day shift,"{""id"":""E1020"",""name"":""Mateo Taylor""}",Leading Hand Fitter,Mechanical,8/6 FIFO,Day
Swing 12 - Night shift,2027-02-07T00:00:00,2027-02-14T00:00:00,0,Mechanical Crew,Night shift,"{""id"":""E1020"",""name"":""Mateo Taylor""}",Leading Hand Fitter,Mechanical,8/6 FIFO,Night
Swing 13 - Day shift,2027-02-21T00:00:00,2027-02-28T00:00:00,0,Mechanical Crew,Day shift,"{""id"":""E1020"",""name"":""Mateo Taylor""}",Leading Hand Fitter,Mechanical,8/6 FIFO,Day
Swing 14 - Night shift,2027-03-07T00:00:00,2027-03-14T00:00:00,0,Mechanical Crew,Night shift,"{""id"":""E1020"",""name"":""Mateo Taylor""}",Leading Hand Fitter,Mechanical,8/6 FIFO,Night
Sick leave,2026-11-16T00:00:00,2026-11-18T00:00:00,0,Mechanical Crew,Leave,"{""id"":""E1020"",""name"":""Mateo Taylor""}",Leading Hand Fitter,Mechanical,8/6 FIFO,
Swing 1 - Night shift,2026-09-02T00:00:00,2026-09-03T00:00:00,100,Mechanical Crew,Night shift,"{""id"":""E1021"",""name"":""Thomas Rossi""}",Mechanical Fitter,Mechanical,8/6 FIFO,Night
Swing 2 - Day shift,2026-09-10T00:00:00,2026-09-17T00:00:00,88,Mechanical Crew,Day shift,"{""id"":""E1021"",""name"":""Thomas Rossi""}",Mechanical Fitter,Mechanical,8/6 FIFO,Day
Annual leave,2026-09-24T00:00:00,2026-10-01T00:00:00,0,Mechanical Crew,Leave,"{""id"":""E1021"",""name"":""Thomas Rossi""}",Mechanical Fitter,Mechanical,8/6 FIFO,
Swing 4 - Night shift,2026-10-08T00:00:00,2026-10-15T00:00:00,0,Mechanical Crew,Night shift,"{""id"":""E1021"",""name"":""Thomas Rossi""}",Mechanical Fitter,Mechanical,8/6 FIFO,Night
Swing 5 - Day shift,2026-10-22T00:00:00,2026-10-29T00:00:00,0,Mechanical Crew,Day shift,"{""id"":""E1021"",""name"":""Thomas Rossi""}",Mechanical Fitter,Mechanical,8/6 FIFO,Day
Swing 6 - Night shift,2026-11-05T00:00:00,2026-11-12T00:00:00,0,Mechanical Crew,Night shift,"{""id"":""E1021"",""name"":""Thomas Rossi""}",Mechanical Fitter,Mechanical,8/6 FIFO,Night
Swing 7 - Day shift,2026-11-19T00:00:00,2026-11-26T00:00:00,0,Mechanical Crew,Day shift,"{""id"":""E1021"",""name"":""Thomas Rossi""}",Mechanical Fitter,Mechanical,8/6 FIFO,Day
Swing 8 - Night shift,2026-12-03T00:00:00,2026-12-10T00:00:00,0,Mechanical Crew,Night shift,"{""id"":""E1021"",""name"":""Thomas Rossi""}",Mechanical Fitter,Mechanical,8/6 FIFO,Night
Swing 9 - Day shift,2026-12-17T00:00:00,2026-12-24T00:00:00,0,Mechanical Crew,Day shift,"{""id"":""E1021"",""name"":""Thomas Rossi""}",Mechanical Fitter,Mechanical,8/6 FIFO,Day
Swing 10 - Night shift,2026-12-31T00:00:00,2027-01-07T00:00:00,0,Mechanical Crew,Night shift,"{""id"":""E1021"",""name"":""Thomas Rossi""}",Mechanical Fitter,Mechanical,8/6 FIFO,Night
Swing 11 - Day shift,2027-01-14T00:00:00,2027-01-17T00:00:00,0,Mechanical Crew,Day shift,"{""id"":""E1021"",""name"":""Thomas Rossi""}",Mechanical Fitter,Mechanical,8/6 FIFO,Day
Swing 1 - Night shift,2026-09-07T00:00:00,2026-09-11T00:00:00,100,Mechanical Crew,Night shift,"{""id"":""E1022"",""name"":""Aroha Kelly""}",Millwright,Mechanical,5/2 Residential,Night
Swing 2 - Night shift,2026-09-14T00:00:00,2026-09-18T00:00:00,60,Mechanical Crew,Night shift,"{""id"":""E1022"",""name"":""Aroha Kelly""}",Millwright,Mechanical,5/2 Residential,Night
Swing 3 - Night shift,2026-09-21T00:00:00,2026-09-25T00:00:00,0,Mechanical Crew,Night shift,"{""id"":""E1022"",""name"":""Aroha Kelly""}",Millwright,Mechanical,5/2 Residential,Night
Swing 4 - Night shift,2026-09-28T00:00:00,2026-10-02T00:00:00,0,Mechanical Crew,Night shift,"{""id"":""E1022"",""name"":""Aroha Kelly""}",Millwright,Mechanical,5/2 Residential,Night
Swing 5 - Night shift,2026-10-05T00:00:00,2026-10-09T00:00:00,0,Mechanical Crew,Night shift,"{""id"":""E1022"",""name"":""Aroha Kelly""}",Millwright,Mechanical,5/2 Residential,Night
Swing 6 - Night shift,2026-10-12T00:00:00,2026-10-16T00:00:00,0,Mechanical Crew,Night shift,"{""id"":""E1022"",""name"":""Aroha Kelly""}",Millwright,Mechanical,5/2 Residential,Night
Swing 7 - Night shift,2026-10-19T00:00:00,2026-10-23T00:00:00,0,Mechanical Crew,Night shift,"{""id"":""E1022"",""name"":""Aroha Kelly""}",Millwright,Mechanical,5/2 Residential,Night
Swing 8 - Night shift,2026-10-26T00:00:00,2026-10-30T00:00:00,0,Mechanical Crew,Night shift,"{""id"":""E1022"",""name"":""Aroha Kelly""}",Millwright,Mechanical,5/2 Residential,Night
Swing 9 - Night shift,2026-11-02T00:00:00,2026-11-06T00:00:00,0,Mechanical Crew,Night shift,"{""id"":""E1022"",""name"":""Aroha Kelly""}",Millwright,Mechanical,5/2 Residential,Night
Swing 10 - Night shift,2026-11-09T00:00:00,2026-11-13T00:00:00,0,Mechanical Crew,Night shift,"{""id"":""E1022"",""name"":""Aroha Kelly""}",Millwright,Mechanical,5/2 Residential,Night
Swing 11 - Night shift,2026-11-16T00:00:00,2026-11-20T00:00:00,0,Mechanical Crew,Night shift,"{""id"":""E1022"",""name"":""Aroha Kelly""}",Millwright,Mechanical,5/2 Residential,Night
Swing 12 - Night shift,2026-11-23T00:00:00,2026-11-27T00:00:00,0,Mechanical Crew,Night shift,"{""id"":""E1022"",""name"":""Aroha Kelly""}",Millwright,Mechanical,5/2 Residential,Night
Swing 13 - Night shift,2026-11-30T00:00:00,2026-12-04T00:00:00,0,Mechanical Crew,Night shift,"{""id"":""E1022"",""name"":""Aroha Kelly""}",Millwright,Mechanical,5/2 Residential,Night
Swing 14 - Night shift,2026-12-07T00:00:00,2026-12-11T00:00:00,0,Mechanical Crew,Night shift,"{""id"":""E1022"",""name"":""Aroha Kelly""}",Millwright,Mechanical,5/2 Residential,Night
Swing 15 - Night shift,2026-12-14T00:00:00,2026-12-18T00:00:00,0,Mechanical Crew,Night shift,"{""id"":""E1022"",""name"":""Aroha Kelly""}",Millwright,Mechanical,5/2 Residential,Night
Swing 16 - Night shift,2026-12-21T00:00:00,2026-12-25T00:00:00,0,Mechanical Crew,Night shift,"{""id"":""E1022"",""name"":""Aroha Kelly""}",Millwright,Mechanical,5/2 Residential,Night
Swing 17 - Night shift,2026-12-28T00:00:00,2027-01-01T00:00:00,0,Mechanical Crew,Night shift,"{""id"":""E1022"",""name"":""Aroha Kelly""}",Millwright,Mechanical,5/2 Residential,Night
Swing 18 - Night shift,2027-01-04T00:00:00,2027-01-08T00:00:00,0,Mechanical Crew,Night shift,"{""id"":""E1022"",""name"":""Aroha Kelly""}",Millwright,Mechanical,5/2 Residential,Night
Swing 19 - Night shift,2027-01-11T00:00:00,2027-01-15T00:00:00,0,Mechanical Crew,Night shift,"{""id"":""E1022"",""name"":""Aroha Kelly""}",Millwright,Mechanical,5/2 Residential,Night
Swing 20 - Night shift,2027-01-18T00:00:00,2027-01-22T00:00:00,0,Mechanical Crew,Night shift,"{""id"":""E1022"",""name"":""Aroha Kelly""}",Millwright,Mechanical,5/2 Residential,Night
Swing 21 - Night shift,2027-01-25T00:00:00,2027-01-29T00:00:00,0,Mechanical Crew,Night shift,"{""id"":""E1022"",""name"":""Aroha Kelly""}",Millwright,Mechanical,5/2 Residential,Night
Swing 22 - Night shift,2027-02-01T00:00:00,2027-02-05T00:00:00,0,Mechanical Crew,Night shift,"{""id"":""E1022"",""name"":""Aroha Kelly""}",Millwright,Mechanical,5/2 Residential,Night
Swing 23 - Night shift,2027-02-08T00:00:00,2027-02-12T00:00:00,0,Mechanical Crew,Night shift,"{""id"":""E1022"",""name"":""Aroha Kelly""}",Millwright,Mechanical,5/2 Residential,Night
Swing 24 - Night shift,2027-02-15T00:00:00,2027-02-19T00:00:00,0,Mechanical Crew,Night shift,"{""id"":""E1022"",""name"":""Aroha Kelly""}",Millwright,Mechanical,5/2 Residential,Night
Swing 25 - Night shift,2027-02-22T00:00:00,2027-02-26T00:00:00,0,Mechanical Crew,Night shift,"{""id"":""E1022"",""name"":""Aroha Kelly""}",Millwright,Mechanical,5/2 Residential,Night
Swing 26 - Night shift,2027-03-01T00:00:00,2027-03-05T00:00:00,0,Mechanical Crew,Night shift,"{""id"":""E1022"",""name"":""Aroha Kelly""}",Millwright,Mechanical,5/2 Residential,Night
Swing 27 - Night shift,2027-03-08T00:00:00,2027-03-12T00:00:00,0,Mechanical Crew,Night shift,"{""id"":""E1022"",""name"":""Aroha Kelly""}",Millwright,Mechanical,5/2 Residential,Night
Swing 28 - Night shift,2027-03-15T00:00:00,2027-03-15T00:00:00,0,Mechanical Crew,Night shift,"{""id"":""E1022"",""name"":""Aroha Kelly""}",Millwright,Mechanical,5/2 Residential,Night
Swing 1 - Day shift,2026-09-02T00:00:00,2026-09-07T00:00:00,100,Mechanical Crew,Day shift,"{""id"":""E1023"",""name"":""Ethan Wilson""}",Mechanical Fitter,Mechanical,8/6 FIFO,Day
Swing 2 - Night shift,2026-09-14T00:00:00,2026-09-21T00:00:00,38,Mechanical Crew,Night shift,"{""id"":""E1023"",""name"":""Ethan Wilson""}",Mechanical Fitter,Mechanical,8/6 FIFO,Night
Swing 3 - Day shift,2026-09-28T00:00:00,2026-10-05T00:00:00,0,Mechanical Crew,Day shift,"{""id"":""E1023"",""name"":""Ethan Wilson""}",Mechanical Fitter,Mechanical,8/6 FIFO,Day
Swing 4 - Night shift,2026-10-12T00:00:00,2026-10-19T00:00:00,0,Mechanical Crew,Night shift,"{""id"":""E1023"",""name"":""Ethan Wilson""}",Mechanical Fitter,Mechanical,8/6 FIFO,Night
Swing 5 - Day shift,2026-10-26T00:00:00,2026-11-02T00:00:00,0,Mechanical Crew,Day shift,"{""id"":""E1023"",""name"":""Ethan Wilson""}",Mechanical Fitter,Mechanical,8/6 FIFO,Day
Swing 6 - Night shift,2026-11-09T00:00:00,2026-11-16T00:00:00,0,Mechanical Crew,Night shift,"{""id"":""E1023"",""name"":""Ethan Wilson""}",Mechanical Fitter,Mechanical,8/6 FIFO,Night
Swing 7 - Day shift,2026-11-23T00:00:00,2026-11-30T00:00:00,0,Mechanical Crew,Day shift,"{""id"":""E1023"",""name"":""Ethan Wilson""}",Mechanical Fitter,Mechanical,8/6 FIFO,Day
Swing 8 - Night shift,2026-12-07T00:00:00,2026-12-14T00:00:00,0,Mechanical Crew,Night shift,"{""id"":""E1023"",""name"":""Ethan Wilson""}",Mechanical Fitter,Mechanical,8/6 FIFO,Night
Swing 9 - Day shift,2026-12-21T00:00:00,2026-12-28T00:00:00,0,Mechanical Crew,Day shift,"{""id"":""E1023"",""name"":""Ethan Wilson""}",Mechanical Fitter,Mechanical,8/6 FIFO,Day
Swing 10 - Night shift,2027-01-04T00:00:00,2027-01-11T00:00:00,0,Mechanical Crew,Night shift,"{""id"":""E1023"",""name"":""Ethan Wilson""}",Mechanical Fitter,Mechanical,8/6 FIFO,Night
Swing 11 - Day shift,2027-01-18T00:00:00,2027-01-25T00:00:00,0,Mechanical Crew,Day shift,"{""id"":""E1023"",""name"":""Ethan Wilson""}",Mechanical Fitter,Mechanical,8/6 FIFO,Day
Swing 12 - Night shift,2027-02-01T00:00:00,2027-02-08T00:00:00,0,Mechanical Crew,Night shift,"{""id"":""E1023"",""name"":""Ethan Wilson""}",Mechanical Fitter,Mechanical,8/6 FIFO,Night
Swing 13 - Day shift,2027-02-15T00:00:00,2027-02-22T00:00:00,0,Mechanical Crew,Day shift,"{""id"":""E1023"",""name"":""Ethan Wilson""}",Mechanical Fitter,Mechanical,8/6 FIFO,Day
Swing 14 - Night shift,2027-03-01T00:00:00,2027-03-08T00:00:00,0,Mechanical Crew,Night shift,"{""id"":""E1023"",""name"":""Ethan Wilson""}",Mechanical Fitter,Mechanical,8/6 FIFO,Night
Swing 15 - Day shift,2027-03-15T00:00:00,2027-03-15T00:00:00,0,Mechanical Crew,Day shift,"{""id"":""E1023"",""name"":""Ethan Wilson""}",Mechanical Fitter,Mechanical,8/6 FIFO,Day
Swing 1 - Night shift,2026-09-05T00:00:00,2026-09-18T00:00:00,86,Mechanical Crew,Night shift,"{""id"":""E1024"",""name"":""Lucas Harris""}",Mechanical Fitter,Mechanical,14/14 FIFO,Night
Swing 2 - Day shift,2026-10-03T00:00:00,2026-10-16T00:00:00,0,Mechanical Crew,Day shift,"{""id"":""E1024"",""name"":""Lucas Harris""}",Mechanical Fitter,Mechanical,14/14 FIFO,Day
Swing 3 - Night shift,2026-10-31T00:00:00,2026-11-13T00:00:00,0,Mechanical Crew,Night shift,"{""id"":""E1024"",""name"":""Lucas Harris""}",Mechanical Fitter,Mechanical,14/14 FIFO,Night
Swing 4 - Day shift,2026-11-28T00:00:00,2026-12-11T00:00:00,0,Mechanical Crew,Day shift,"{""id"":""E1024"",""name"":""Lucas Harris""}",Mechanical Fitter,Mechanical,14/14 FIFO,Day
Swing 5 - Night shift,2026-12-26T00:00:00,2027-01-08T00:00:00,0,Mechanical Crew,Night shift,"{""id"":""E1024"",""name"":""Lucas Harris""}",Mechanical Fitter,Mechanical,14/14 FIFO,Night
Swing 6 - Day shift,2027-01-23T00:00:00,2027-02-05T00:00:00,0,Mechanical Crew,Day shift,"{""id"":""E1024"",""name"":""Lucas Harris""}",Mechanical Fitter,Mechanical,14/14 FIFO,Day
Swing 7 - Night shift,2027-02-20T00:00:00,2027-03-05T00:00:00,0,Mechanical Crew,Night shift,"{""id"":""E1024"",""name"":""Lucas Harris""}",Mechanical Fitter,Mechanical,14/14 FIFO,Night
Swing 1 - Day shift,2026-09-06T00:00:00,2026-09-19T00:00:00,79,Mechanical Crew,Day shift,"{""id"":""E1025"",""name"":""Lucia Wang""}",Mechanical Fitter,Mechanical,14/14 FIFO,Day
Swing 2 - Night shift,2026-10-04T00:00:00,2026-10-17T00:00:00,0,Mechanical Crew,Night shift,"{""id"":""E1025"",""name"":""Lucia Wang""}",Mechanical Fitter,Mechanical,14/14 FIFO,Night
Swing 3 - Day shift,2026-11-01T00:00:00,2026-11-14T00:00:00,0,Mechanical Crew,Day shift,"{""id"":""E1025"",""name"":""Lucia Wang""}",Mechanical Fitter,Mechanical,14/14 FIFO,Day
Swing 4 - Night shift,2026-11-29T00:00:00,2026-12-12T00:00:00,0,Mechanical Crew,Night shift,"{""id"":""E1025"",""name"":""Lucia Wang""}",Mechanical Fitter,Mechanical,14/14 FIFO,Night
Swing 5 - Day shift,2026-12-27T00:00:00,2027-01-09T00:00:00,0,Mechanical Crew,Day shift,"{""id"":""E1025"",""name"":""Lucia Wang""}",Mechanical Fitter,Mechanical,14/14 FIFO,Day
Swing 6 - Night shift,2027-01-24T00:00:00,2027-02-06T00:00:00,0,Mechanical Crew,Night shift,"{""id"":""E1025"",""name"":""Lucia Wang""}",Mechanical Fitter,Mechanical,14/14 FIFO,Night
Swing 7 - Day shift,2027-02-21T00:00:00,2027-03-06T00:00:00,0,Mechanical Crew,Day shift,"{""id"":""E1025"",""name"":""Lucia Wang""}",Mechanical Fitter,Mechanical,14/14 FIFO,Day
Sick leave,2027-01-29T00:00:00,2027-01-30T00:00:00,0,Mechanical Crew,Leave,"{""id"":""E1025"",""name"":""Lucia Wang""}",Mechanical Fitter,Mechanical,14/14 FIFO,
Electrical & Instrumentation Crew,2026-09-02T00:00:00,2027-03-15T00:00:00,8,,Crew,,,Electrical & Instrumentation,,
Swing 1 - Night shift,2026-09-02T00:00:00,2026-09-09T00:00:00,100,Electrical & Instrumentation Crew,Night shift,"{""id"":""E1026"",""name"":""Oliver O'Brien""}",Electrician,Electrical & Instrumentation,8/6 FIFO,Night
Annual leave,2026-09-16T00:00:00,2026-09-23T00:00:00,0,Electrical & Instrumentation Crew,Leave,"{""id"":""E1026"",""name"":""Oliver O'Brien""}",Electrician,Electrical & Instrumentation,8/6 FIFO,
Swing 3 - Day shift,2026-09-30T00:00:00,2026-10-07T00:00:00,0,Electrical & Instrumentation Crew,Day shift,"{""id"":""E1026"",""name"":""Oliver O'Brien""}",Electrician,Electrical & Instrumentation,8/6 FIFO,Day
Swing 4 - Night shift,2026-10-14T00:00:00,2026-10-21T00:00:00,0,Electrical & Instrumentation Crew,Night shift,"{""id"":""E1026"",""name"":""Oliver O'Brien""}",Electrician,Electrical & Instrumentation,8/6 FIFO,Night
Swing 5 - Day shift,2026-10-28T00:00:00,2026-11-04T00:00:00,0,Electrical & Instrumentation Crew,Day shift,"{""id"":""E1026"",""name"":""Oliver O'Brien""}",Electrician,Electrical & Instrumentation,8/6 FIFO,Day
Roster change,2026-11-30T00:00:00,2026-11-30T00:00:00,0,Electrical & Instrumentation Crew,Induction,"{""id"":""E1026"",""name"":""Oliver O'Brien""}",Electrician,Electrical & Instrumentation,7/7 DIDO,
Swing 6 - Night shift,2026-12-01T00:00:00,2026-12-07T00:00:00,0,Electrical & Instrumentation Crew,Night shift,"{""id"":""E1026"",""name"":""Oliver O'Brien""}",Electrician,Electrical & Instrumentation,7/7 DIDO,Night
Swing 7 - Day shift,2026-12-15T00:00:00,2026-12-21T00:00:00,0,Electrical & Instrumentation Crew,Day shift,"{""id"":""E1026"",""name"":""Oliver O'Brien""}",Electrician,Electrical & Instrumentation,7/7 DIDO,Day
Swing 8 - Night shift,2026-12-29T00:00:00,2027-01-04T00:00:00,0,Electrical & Instrumentation Crew,Night shift,"{""id"":""E1026"",""name"":""Oliver O'Brien""}",Electrician,Electrical & Instrumentation,7/7 DIDO,Night
Swing 9 - Day shift,2027-01-12T00:00:00,2027-01-18T00:00:00,0,Electrical & Instrumentation Crew,Day shift,"{""id"":""E1026"",""name"":""Oliver O'Brien""}",Electrician,Electrical & Instrumentation,7/7 DIDO,Day
Swing 10 - Night shift,2027-01-26T00:00:00,2027-02-01T00:00:00,0,Electrical & Instrumentation Crew,Night shift,"{""id"":""E1026"",""name"":""Oliver O'Brien""}",Electrician,Electrical & Instrumentation,7/7 DIDO,Night
Swing 11 - Day shift,2027-02-09T00:00:00,2027-02-15T00:00:00,0,Electrical & Instrumentation Crew,Day shift,"{""id"":""E1026"",""name"":""Oliver O'Brien""}",Electrician,Electrical & Instrumentation,7/7 DIDO,Day
Swing 12 - Night shift,2027-02-23T00:00:00,2027-03-01T00:00:00,0,Electrical & Instrumentation Crew,Night shift,"{""id"":""E1026"",""name"":""Oliver O'Brien""}",Electrician,Electrical & Instrumentation,7/7 DIDO,Night
Swing 13 - Day shift,2027-03-09T00:00:00,2027-03-15T00:00:00,0,Electrical & Instrumentation Crew,Day shift,"{""id"":""E1026"",""name"":""Oliver O'Brien""}",Electrician,Electrical & Instrumentation,7/7 DIDO,Day
Swing 1 - Night shift,2026-09-07T00:00:00,2026-09-11T00:00:00,100,Electrical & Instrumentation Crew,Night shift,"{""id"":""E1027"",""name"":""Ethan Jones""}",Electrician,Electrical & Instrumentation,5/2 Residential,Night
Swing 2 - Night shift,2026-09-14T00:00:00,2026-09-18T00:00:00,60,Electrical & Instrumentation Crew,Night shift,"{""id"":""E1027"",""name"":""Ethan Jones""}",Electrician,Electrical & Instrumentation,5/2 Residential,Night
Swing 3 - Night shift,2026-09-21T00:00:00,2026-09-25T00:00:00,0,Electrical & Instrumentation Crew,Night shift,"{""id"":""E1027"",""name"":""Ethan Jones""}",Electrician,Electrical & Instrumentation,5/2 Residential,Night
Swing 4 - Night shift,2026-09-28T00:00:00,2026-10-02T00:00:00,0,Electrical & Instrumentation Crew,Night shift,"{""id"":""E1027"",""name"":""Ethan Jones""}",Electrician,Electrical & Instrumentation,5/2 Residential,Night
Swing 5 - Night shift,2026-10-05T00:00:00,2026-10-09T00:00:00,0,Electrical & Instrumentation Crew,Night shift,"{""id"":""E1027"",""name"":""Ethan Jones""}",Electrician,Electrical & Instrumentation,5/2 Residential,Night
Swing 6 - Night shift,2026-10-12T00:00:00,2026-10-16T00:00:00,0,Electrical & Instrumentation Crew,Night shift,"{""id"":""E1027"",""name"":""Ethan Jones""}",Electrician,Electrical & Instrumentation,5/2 Residential,Night
Swing 7 - Night shift,2026-10-19T00:00:00,2026-10-23T00:00:00,0,Electrical & Instrumentation Crew,Night shift,"{""id"":""E1027"",""name"":""Ethan Jones""}",Electrician,Electrical & Instrumentation,5/2 Residential,Night
Swing 8 - Night shift,2026-10-26T00:00:00,2026-10-30T00:00:00,0,Electrical & Instrumentation Crew,Night shift,"{""id"":""E1027"",""name"":""Ethan Jones""}",Electrician,Electrical & Instrumentation,5/2 Residential,Night
Swing 9 - Night shift,2026-11-02T00:00:00,2026-11-06T00:00:00,0,Electrical & Instrumentation Crew,Night shift,"{""id"":""E1027"",""name"":""Ethan Jones""}",Electrician,Electrical & Instrumentation,5/2 Residential,Night
Swing 10 - Night shift,2026-11-09T00:00:00,2026-11-13T00:00:00,0,Electrical & Instrumentation Crew,Night shift,"{""id"":""E1027"",""name"":""Ethan Jones""}",Electrician,Electrical & Instrumentation,5/2 Residential,Night
Swing 11 - Night shift,2026-11-16T00:00:00,2026-11-20T00:00:00,0,Electrical & Instrumentation Crew,Night shift,"{""id"":""E1027"",""name"":""Ethan Jones""}",Electrician,Electrical & Instrumentation,5/2 Residential,Night
Swing 12 - Night shift,2026-11-23T00:00:00,2026-11-27T00:00:00,0,Electrical & Instrumentation Crew,Night shift,"{""id"":""E1027"",""name"":""Ethan Jones""}",Electrician,Electrical & Instrumentation,5/2 Residential,Night
Swing 13 - Night shift,2026-11-30T00:00:00,2026-12-04T00:00:00,0,Electrical & Instrumentation Crew,Night shift,"{""id"":""E1027"",""name"":""Ethan Jones""}",Electrician,Electrical & Instrumentation,5/2 Residential,Night
Swing 14 - Night shift,2026-12-07T00:00:00,2026-12-11T00:00:00,0,Electrical & Instrumentation Crew,Night shift,"{""id"":""E1027"",""name"":""Ethan Jones""}",Electrician,Electrical & Instrumentation,5/2 Residential,Night
Swing 15 - Night shift,2026-12-14T00:00:00,2026-12-18T00:00:00,0,Electrical & Instrumentation Crew,Night shift,"{""id"":""E1027"",""name"":""Ethan Jones""}",Electrician,Electrical & Instrumentation,5/2 Residential,Night
Swing 16 - Night shift,2026-12-21T00:00:00,2026-12-25T00:00:00,0,Electrical & Instrumentation Crew,Night shift,"{""id"":""E1027"",""name"":""Ethan Jones""}",Electrician,Electrical & Instrumentation,5/2 Residential,Night
Swing 17 - Night shift,2026-12-28T00:00:00,2027-01-01T00:00:00,0,Electrical & Instrumentation Crew,Night shift,"{""id"":""E1027"",""name"":""Ethan Jones""}",Electrician,Electrical & Instrumentation,5/2 Residential,Night
Swing 18 - Night shift,2027-01-04T00:00:00,2027-01-08T00:00:00,0,Electrical & Instrumentation Crew,Night shift,"{""id"":""E1027"",""name"":""Ethan Jones""}",Electrician,Electrical & Instrumentation,5/2 Residential,Night
Swing 19 - Night shift,2027-01-11T00:00:00,2027-01-15T00:00:00,0,Electrical & Instrumentation Crew,Night shift,"{""id"":""E1027"",""name"":""Ethan Jones""}",Electrician,Electrical & Instrumentation,5/2 Residential,Night
Swing 20 - Night shift,2027-01-18T00:00:00,2027-01-22T00:00:00,0,Electrical & Instrumentation Crew,Night shift,"{""id"":""E1027"",""name"":""Ethan Jones""}",Electrician,Electrical & Instrumentation,5/2 Residential,Night
Swing 21 - Night shift,2027-01-25T00:00:00,2027-01-29T00:00:00,0,Electrical & Instrumentation Crew,Night shift,"{""id"":""E1027"",""name"":""Ethan Jones""}",Electrician,Electrical & Instrumentation,5/2 Residential,Night
Swing 22 - Night shift,2027-02-01T00:00:00,2027-02-05T00:00:00,0,Electrical & Instrumentation Crew,Night shift,"{""id"":""E1027"",""name"":""Ethan Jones""}",Electrician,Electrical & Instrumentation,5/2 Residential,Night
Swing 23 - Night shift,2027-02-08T00:00:00,2027-02-12T00:00:00,0,Electrical & Instrumentation Crew,Night shift,"{""id"":""E1027"",""name"":""Ethan Jones""}",Electrician,Electrical & Instrumentation,5/2 Residential,Night
Swing 24 - Night shift,2027-02-15T00:00:00,2027-02-19T00:00:00,0,Electrical & Instrumentation Crew,Night shift,"{""id"":""E1027"",""name"":""Ethan Jones""}",Electrician,Electrical & Instrumentation,5/2 Residential,Night
Swing 25 - Night shift,2027-02-22T00:00:00,2027-02-26T00:00:00,0,Electrical & Instrumentation Crew,Night shift,"{""id"":""E1027"",""name"":""Ethan Jones""}",Electrician,Electrical & Instrumentation,5/2 Residential,Night
Swing 26 - Night shift,2027-03-01T00:00:00,2027-03-05T00:00:00,0,Electrical & Instrumentation Crew,Night shift,"{""id"":""E1027"",""name"":""Ethan Jones""}",Electrician,Electrical & Instrumentation,5/2 Residential,Night
Swing 27 - Night shift,2027-03-08T00:00:00,2027-03-12T00:00:00,0,Electrical & Instrumentation Crew,Night shift,"{""id"":""E1027"",""name"":""Ethan Jones""}",Electrician,Electrical & Instrumentation,5/2 Residential,Night
Swing 28 - Night shift,2027-03-15T00:00:00,2027-03-15T00:00:00,0,Electrical & Instrumentation Crew,Night shift,"{""id"":""E1027"",""name"":""Ethan Jones""}",Electrician,Electrical & Instrumentation,5/2 Residential,Night
Sick leave,2027-02-02T00:00:00,2027-02-04T00:00:00,0,Electrical & Instrumentation Crew,Leave,"{""id"":""E1027"",""name"":""Ethan Jones""}",Electrician,Electrical & Instrumentation,5/2 Residential,
Swing 1 - Night shift,2026-09-06T00:00:00,2026-09-26T00:00:00,52,Electrical & Instrumentation Crew,Night shift,"{""id"":""E1028"",""name"":""Wei Wilson""}",Electrician,Electrical & Instrumentation,21/7 FIFO,Night
Swing 2 - Day shift,2026-10-04T00:00:00,2026-10-24T00:00:00,0,Electrical & Instrumentation Crew,Day shift,"{""id"":""E1028"",""name"":""Wei Wilson""}",Electrician,Electrical & Instrumentation,21/7 FIFO,Day
Swing 3 - Night shift,2026-11-01T00:00:00,2026-11-21T00:00:00,0,Electrical & Instrumentation Crew,Night shift,"{""id"":""E1028"",""name"":""Wei Wilson""}",Electrician,Electrical & Instrumentation,21/7 FIFO,Night
Swing 4 - Day shift,2026-11-29T00:00:00,2026-12-19T00:00:00,0,Electrical & Instrumentation Crew,Day shift,"{""id"":""E1028"",""name"":""Wei Wilson""}",Electrician,Electrical & Instrumentation,21/7 FIFO,Day
Swing 5 - Night shift,2026-12-27T00:00:00,2027-01-16T00:00:00,0,Electrical & Instrumentation Crew,Night shift,"{""id"":""E1028"",""name"":""Wei Wilson""}",Electrician,Electrical & Instrumentation,21/7 FIFO,Night
Swing 6 - Day shift,2027-01-24T00:00:00,2027-02-13T00:00:00,0,Electrical & Instrumentation Crew,Day shift,"{""id"":""E1028"",""name"":""Wei Wilson""}",Electrician,Electrical & Instrumentation,21/7 FIFO,Day
Swing 7 - Night shift,2027-02-21T00:00:00,2027-03-13T00:00:00,0,Electrical & Instrumentation Crew,Night shift,"{""id"":""E1028"",""name"":""Wei Wilson""}",Electrician,Electrical & Instrumentation,21/7 FIFO,Night
Swing 1 - Day shift,2026-09-08T00:00:00,2026-09-15T00:00:00,100,Electrical & Instrumentation Crew,Day shift,"{""id"":""E1029"",""name"":""Evie Hall""}",Electrician,Electrical & Instrumentation,8/6 FIFO,Day
Swing 2 - Night shift,2026-09-22T00:00:00,2026-09-29T00:00:00,0,Electrical & Instrumentation Crew,Night shift,"{""id"":""E1029"",""name"":""Evie Hall""}",Electrician,Electrical & Instrumentation,8/6 FIFO,Night
Swing 3 - Day shift,2026-10-06T00:00:00,2026-10-13T00:00:00,0,Electrical & Instrumentation Crew,Day shift,"{""id"":""E1029"",""name"":""Evie Hall""}",Electrician,Electrical & Instrumentation,8/6 FIFO,Day
Swing 4 - Night shift,2026-10-20T00:00:00,2026-10-27T00:00:00,0,Electrical & Instrumentation Crew,Night shift,"{""id"":""E1029"",""name"":""Evie Hall""}",Electrician,Electrical & Instrumentation,8/6 FIFO,Night
Annual leave,2026-11-03T00:00:00,2026-11-10T00:00:00,0,Electrical & Instrumentation Crew,Leave,"{""id"":""E1029"",""name"":""Evie Hall""}",Electrician,Electrical & Instrumentation,8/6 FIFO,
Swing 6 - Day shift,2026-11-17T00:00:00,2026-11-24T00:00:00,0,Electrical & Instrumentation Crew,Day shift,"{""id"":""E1029"",""name"":""Evie Hall""}",Electrician,Electrical & Instrumentation,8/6 FIFO,Day
Swing 7 - Night shift,2026-12-01T00:00:00,2026-12-08T00:00:00,0,Electrical & Instrumentation Crew,Night shift,"{""id"":""E1029"",""name"":""Evie Hall""}",Electrician,Electrical & Instrumentation,8/6 FIFO,Night
Swing 8 - Day shift,2026-12-15T00:00:00,2026-12-22T00:00:00,0,Electrical & Instrumentation Crew,Day shift,"{""id"":""E1029"",""name"":""Evie Hall""}",Electrician,Electrical & Instrumentation,8/6 FIFO,Day
Swing 9 - Night shift,2026-12-29T00:00:00,2027-01-04T00:00:00,0,Electrical & Instrumentation Crew,Night shift,"{""id"":""E1029"",""name"":""Evie Hall""}",Electrician,Electrical & Instrumentation,8/6 FIFO,Night
Sick leave,2027-01-01T00:00:00,2027-01-02T00:00:00,0,Electrical & Instrumentation Crew,Leave,"{""id"":""E1029"",""name"":""Evie Hall""}",Electrician,Electrical & Instrumentation,8/6 FIFO,
Site induction,2026-12-05T00:00:00,2026-12-05T00:00:00,0,Electrical & Instrumentation Crew,Induction,"{""id"":""E1030"",""name"":""Olivia Davis""}",Instrument Technician,Electrical & Instrumentation,5/2 Residential,
Swing 1 - Night shift,2026-12-07T00:00:00,2026-12-11T00:00:00,0,Electrical & Instrumentation Crew,Night shift,"{""id"":""E1030"",""name"":""Olivia Davis""}",Instrument Technician,Electrical & Instrumentation,5/2 Residential,Night
Swing 2 - Night shift,2026-12-14T00:00:00,2026-12-18T00:00:00,0,Electrical & Instrumentation Crew,Night shift,"{""id"":""E1030"",""name"":""Olivia Davis""}",Instrument Technician,Electrical & Instrumentation,5/2 Residential,Night
Swing 3 - Night shift,2026-12-21T00:00:00,2026-12-25T00:00:00,0,Electrical & Instrumentation Crew,Night shift,"{""id"":""E1030"",""name"":""Olivia Davis""}",Instrument Technician,Electrical & Instrumentation,5/2 Residential,Night
Swing 4 - Night shift,2026-12-28T00:00:00,2027-01-01T00:00:00,0,Electrical & Instrumentation Crew,Night shift,"{""id"":""E1030"",""name"":""Olivia Davis""}",Instrument Technician,Electrical & Instrumentation,5/2 Residential,Night
Swing 5 - Night shift,2027-01-04T00:00:00,2027-01-08T00:00:00,0,Electrical & Instrumentation Crew,Night shift,"{""id"":""E1030"",""name"":""Olivia Davis""}",Instrument Technician,Electrical & Instrumentation,5/2 Residential,Night
Swing 6 - Night shift,2027-01-11T00:00:00,2027-01-15T00:00:00,0,Electrical & Instrumentation Crew,Night shift,"{""id"":""E1030"",""name"":""Olivia Davis""}",Instrument Technician,Electrical & Instrumentation,5/2 Residential,Night
Swing 7 - Night shift,2027-01-18T00:00:00,2027-01-22T00:00:00,0,Electrical & Instrumentation Crew,Night shift,"{""id"":""E1030"",""name"":""Olivia Davis""}",Instrument Technician,Electrical & Instrumentation,5/2 Residential,Night
Swing 8 - Night shift,2027-01-25T00:00:00,2027-01-29T00:00:00,0,Electrical & Instrumentation Crew,Night shift,"{""id"":""E1030"",""name"":""Olivia Davis""}",Instrument Technician,Electrical & Instrumentation,5/2 Residential,Night
Swing 9 - Night shift,2027-02-01T00:00:00,2027-02-05T00:00:00,0,Electrical & Instrumentation Crew,Night shift,"{""id"":""E1030"",""name"":""Olivia Davis""}",Instrument Technician,Electrical & Instrumentation,5/2 Residential,Night
Swing 10 - Night shift,2027-02-08T00:00:00,2027-02-12T00:00:00,0,Electrical & Instrumentation Crew,Night shift,"{""id"":""E1030"",""name"":""Olivia Davis""}",Instrument Technician,Electrical & Instrumentation,5/2 Residential,Night
Swing 11 - Night shift,2027-02-15T00:00:00,2027-02-19T00:00:00,0,Electrical & Instrumentation Crew,Night shift,"{""id"":""E1030"",""name"":""Olivia Davis""}",Instrument Technician,Electrical & Instrumentation,5/2 Residential,Night
Swing 12 - Night shift,2027-02-22T00:00:00,2027-02-26T00:00:00,0,Electrical & Instrumentation Crew,Night shift,"{""id"":""E1030"",""name"":""Olivia Davis""}",Instrument Technician,Electrical & Instrumentation,5/2 Residential,Night
Swing 13 - Night shift,2027-03-01T00:00:00,2027-03-05T00:00:00,0,Electrical & Instrumentation Crew,Night shift,"{""id"":""E1030"",""name"":""Olivia Davis""}",Instrument Technician,Electrical & Instrumentation,5/2 Residential,Night
Swing 14 - Night shift,2027-03-08T00:00:00,2027-03-12T00:00:00,0,Electrical & Instrumentation Crew,Night shift,"{""id"":""E1030"",""name"":""Olivia Davis""}",Instrument Technician,Electrical & Instrumentation,5/2 Residential,Night
Swing 15 - Night shift,2027-03-15T00:00:00,2027-03-15T00:00:00,0,Electrical & Instrumentation Crew,Night shift,"{""id"":""E1030"",""name"":""Olivia Davis""}",Instrument Technician,Electrical & Instrumentation,5/2 Residential,Night
Swing 1 - Night shift,2026-09-02T00:00:00,2026-09-06T00:00:00,100,Electrical & Instrumentation Crew,Night shift,"{""id"":""E1031"",""name"":""Declan Clarke""}",Electrician,Electrical & Instrumentation,14/14 FIFO,Night
Swing 2 - Day shift,2026-09-21T00:00:00,2026-10-04T00:00:00,0,Electrical & Instrumentation Crew,Day shift,"{""id"":""E1031"",""name"":""Declan Clarke""}",Electrician,Electrical & Instrumentation,14/14 FIFO,Day
Swing 3 - Night shift,2026-10-19T00:00:00,2026-11-01T00:00:00,0,Electrical & Instrumentation Crew,Night shift,"{""id"":""E1031"",""name"":""Declan Clarke""}",Electrician,Electrical & Instrumentation,14/14 FIFO,Night
Swing 4 - Day shift,2026-11-16T00:00:00,2026-11-29T00:00:00,0,Electrical & Instrumentation Crew,Day shift,"{""id"":""E1031"",""name"":""Declan Clarke""}",Electrician,Electrical & Instrumentation,14/14 FIFO,Day
Swing 5 - Night shift,2026-12-14T00:00:00,2026-12-27T00:00:00,0,Electrical & Instrumentation Crew,Night shift,"{""id"":""E1031"",""name"":""Declan Clarke""}",Electrician,Electrical & Instrumentation,14/14 FIFO,Night
Roster change,2027-01-21T00:00:00,2027-01-21T00:00:00,0,Electrical & Instrumentation Crew,Induction,"{""id"":""E1031"",""name"":""Declan Clarke""}",Electrician,Electrical & Instrumentation,21/7 FIFO,
Swing 6 - Day shift,2027-01-22T00:00:00,2027-02-11T00:00:00,0,Electrical & Instrumentation Crew,Day shift,"{""id"":""E1031"",""name"":""Declan Clarke""}",Electrician,Electrical & Instrumentation,21/7 FIFO,Day
Swing 7 - Night shift,2027-02-19T00:00:00,2027-03-11T00:00:00,0,Electrical & Instrumentation Crew,Night shift,"{""id"":""E1031"",""name"":""Declan Clarke""}",Electrician,Electrical & Instrumentation,21/7 FIFO,Night
Annual leave,2026-11-23T00:00:00,2026-12-06T00:00:00,0,Electrical & Instrumentation Crew,Leave,"{""id"":""E1031"",""name"":""Declan Clarke""}",Electrician,Electrical & Instrumentation,14/14 FIFO,
Swing 1 - Night shift,2026-09-07T00:00:00,2026-09-11T00:00:00,100,Electrical & Instrumentation Crew,Night shift,"{""id"":""E1032"",""name"":""Anjali Evans""}",Electrician,Electrical & Instrumentation,5/2 Residential,Night
Swing 2 - Night shift,2026-09-14T00:00:00,2026-09-18T00:00:00,60,Electrical & Instrumentation Crew,Night shift,"{""id"":""E1032"",""name"":""Anjali Evans""}",Electrician,Electrical & Instrumentation,5/2 Residential,Night
Swing 3 - Night shift,2026-09-21T00:00:00,2026-09-25T00:00:00,0,Electrical & Instrumentation Crew,Night shift,"{""id"":""E1032"",""name"":""Anjali Evans""}",Electrician,Electrical & Instrumentation,5/2 Residential,Night
Swing 4 - Night shift,2026-09-28T00:00:00,2026-10-02T00:00:00,0,Electrical & Instrumentation Crew,Night shift,"{""id"":""E1032"",""name"":""Anjali Evans""}",Electrician,Electrical & Instrumentation,5/2 Residential,Night
Swing 5 - Night shift,2026-10-05T00:00:00,2026-10-09T00:00:00,0,Electrical & Instrumentation Crew,Night shift,"{""id"":""E1032"",""name"":""Anjali Evans""}",Electrician,Electrical & Instrumentation,5/2 Residential,Night
Swing 6 - Night shift,2026-10-12T00:00:00,2026-10-16T00:00:00,0,Electrical & Instrumentation Crew,Night shift,"{""id"":""E1032"",""name"":""Anjali Evans""}",Electrician,Electrical & Instrumentation,5/2 Residential,Night
Swing 7 - Night shift,2026-10-19T00:00:00,2026-10-23T00:00:00,0,Electrical & Instrumentation Crew,Night shift,"{""id"":""E1032"",""name"":""Anjali Evans""}",Electrician,Electrical & Instrumentation,5/2 Residential,Night
Swing 8 - Night shift,2026-10-26T00:00:00,2026-10-30T00:00:00,0,Electrical & Instrumentation Crew,Night shift,"{""id"":""E1032"",""name"":""Anjali Evans""}",Electrician,Electrical & Instrumentation,5/2 Residential,Night
Roster change,2026-11-20T00:00:00,2026-11-20T00:00:00,0,Electrical & Instrumentation Crew,Induction,"{""id"":""E1032"",""name"":""Anjali Evans""}",Electrician,Electrical & Instrumentation,8/6 FIFO,
Swing 9 - Night shift,2026-11-21T00:00:00,2026-11-28T00:00:00,0,Electrical & Instrumentation Crew,Night shift,"{""id"":""E1032"",""name"":""Anjali Evans""}",Electrician,Electrical & Instrumentation,8/6 FIFO,Night
Swing 10 - Day shift,2026-12-05T00:00:00,2026-12-12T00:00:00,0,Electrical & Instrumentation Crew,Day shift,"{""id"":""E1032"",""name"":""Anjali Evans""}",Electrician,Electrical & Instrumentation,8/6 FIFO,Day
Swing 11 - Night shift,2026-12-19T00:00:00,2026-12-26T00:00:00,0,Electrical & Instrumentation Crew,Night shift,"{""id"":""E1032"",""name"":""Anjali Evans""}",Electrician,Electrical & Instrumentation,8/6 FIFO,Night
Swing 12 - Day shift,2027-01-02T00:00:00,2027-01-09T00:00:00,0,Electrical & Instrumentation Crew,Day shift,"{""id"":""E1032"",""name"":""Anjali Evans""}",Electrician,Electrical & Instrumentation,8/6 FIFO,Day
Swing 13 - Night shift,2027-01-16T00:00:00,2027-01-23T00:00:00,0,Electrical & Instrumentation Crew,Night shift,"{""id"":""E1032"",""name"":""Anjali Evans""}",Electrician,Electrical & Instrumentation,8/6 FIFO,Night
Swing 14 - Day shift,2027-01-30T00:00:00,2027-02-06T00:00:00,0,Electrical & Instrumentation Crew,Day shift,"{""id"":""E1032"",""name"":""Anjali Evans""}",Electrician,Electrical & Instrumentation,8/6 FIFO,Day
Swing 15 - Night shift,2027-02-13T00:00:00,2027-02-20T00:00:00,0,Electrical & Instrumentation Crew,Night shift,"{""id"":""E1032"",""name"":""Anjali Evans""}",Electrician,Electrical & Instrumentation,8/6 FIFO,Night
Swing 16 - Day shift,2027-02-27T00:00:00,2027-03-06T00:00:00,0,Electrical & Instrumentation Crew,Day shift,"{""id"":""E1032"",""name"":""Anjali Evans""}",Electrician,Electrical & Instrumentation,8/6 FIFO,Day
Swing 17 - Night shift,2027-03-13T00:00:00,2027-03-15T00:00:00,0,Electrical & Instrumentation Crew,Night shift,"{""id"":""E1032"",""name"":""Anjali Evans""}",Electrician,Electrical & Instrumentation,8/6 FIFO,Night
Swing 1 - Day shift,2026-09-04T00:00:00,2026-09-11T00:00:00,100,Electrical & Instrumentation Crew,Day shift,"{""id"":""E1033"",""name"":""Ravi Fernandes""}",Instrument Technician,Electrical & Instrumentation,8/6 FIFO,Day
Swing 2 - Night shift,2026-09-18T00:00:00,2026-09-25T00:00:00,0,Electrical & Instrumentation Crew,Night shift,"{""id"":""E1033"",""name"":""Ravi Fernandes""}",Instrument Technician,Electrical & Instrumentation,8/6 FIFO,Night
Swing 3 - Day shift,2026-10-02T00:00:00,2026-10-09T00:00:00,0,Electrical & Instrumentation Crew,Day shift,"{""id"":""E1033"",""name"":""Ravi Fernandes""}",Instrument Technician,Electrical & Instrumentation,8/6 FIFO,Day
Swing 4 - Night shift,2026-10-16T00:00:00,2026-10-23T00:00:00,0,Electrical & Instrumentation Crew,Night shift,"{""id"":""E1033"",""name"":""Ravi Fernandes""}",Instrument Technician,Electrical & Instrumentation,8/6 FIFO,Night
Roster change,2026-11-16T00:00:00,2026-11-16T00:00:00,0,Electrical & Instrumentation Crew,Induction,"{""id"":""E1033"",""name"":""Ravi Fernandes""}",Instrument Technician,Electrical & Instrumentation,21/7 FIFO,
Swing 5 - Day shift,2026-11-17T00:00:00,2026-12-07T00:00:00,0,Electrical & Instrumentation Crew,Day shift,"{""id"":""E1033"",""name"":""Ravi Fernandes""}",Instrument Technician,Electrical & Instrumentation,21/7 FIFO,Day
Swing 6 - Night shift,2026-12-15T00:00:00,2027-01-04T00:00:00,0,Electrical & Instrumentation Crew,Night shift,"{""id"":""E1033"",""name"":""Ravi Fernandes""}",Instrument Technician,Electrical & Instrumentation,21/7 FIFO,Night
Annual leave,2027-01-12T00:00:00,2027-02-01T00:00:00,0,Electrical & Instrumentation Crew,Leave,"{""id"":""E1033"",""name"":""Ravi Fernandes""}",Instrument Technician,Electrical & Instrumentation,21/7 FIFO,
Swing 8 - Day shift,2027-02-09T00:00:00,2027-03-01T00:00:00,0,Electrical & Instrumentation Crew,Day shift,"{""id"":""E1033"",""name"":""Ravi Fernandes""}",Instrument Technician,Electrical & Instrumentation,21/7 FIFO,Day
Swing 9 - Night shift,2027-03-09T00:00:00,2027-03-15T00:00:00,0,Electrical & Instrumentation Crew,Night shift,"{""id"":""E1033"",""name"":""Ravi Fernandes""}",Instrument Technician,Electrical & Instrumentation,21/7 FIFO,Night
Swing 1 - Night shift,2026-09-02T00:00:00,2026-09-04T00:00:00,100,Electrical & Instrumentation Crew,Night shift,"{""id"":""E1034"",""name"":""Liam Singh""}",E&I Leading Hand,Electrical & Instrumentation,8/6 FIFO,Night
Swing 2 - Day shift,2026-09-11T00:00:00,2026-09-18T00:00:00,75,Electrical & Instrumentation Crew,Day shift,"{""id"":""E1034"",""name"":""Liam Singh""}",E&I Leading Hand,Electrical & Instrumentation,8/6 FIFO,Day
Swing 3 - Night shift,2026-09-25T00:00:00,2026-10-02T00:00:00,0,Electrical & Instrumentation Crew,Night shift,"{""id"":""E1034"",""name"":""Liam Singh""}",E&I Leading Hand,Electrical & Instrumentation,8/6 FIFO,Night
Swing 4 - Day shift,2026-10-09T00:00:00,2026-10-16T00:00:00,0,Electrical & Instrumentation Crew,Day shift,"{""id"":""E1034"",""name"":""Liam Singh""}",E&I Leading Hand,Electrical & Instrumentation,8/6 FIFO,Day
Swing 5 - Night shift,2026-10-23T00:00:00,2026-10-28T00:00:00,0,Electrical & Instrumentation Crew,Night shift,"{""id"":""E1034"",""name"":""Liam Singh""}",E&I Leading Hand,Electrical & Instrumentation,8/6 FIFO,Night
Roster change,2026-11-16T00:00:00,2026-11-16T00:00:00,0,Electrical & Instrumentation Crew,Induction,"{""id"":""E1034"",""name"":""Liam Singh""}",E&I Leading Hand,Electrical & Instrumentation,7/7 DIDO,
Swing 6 - Day shift,2026-11-17T00:00:00,2026-11-23T00:00:00,0,Electrical & Instrumentation Crew,Day shift,"{""id"":""E1034"",""name"":""Liam Singh""}",E&I Leading Hand,Electrical & Instrumentation,7/7 DIDO,Day
Swing 7 - Night shift,2026-12-01T00:00:00,2026-12-07T00:00:00,0,Electrical & Instrumentation Crew,Night shift,"{""id"":""E1034"",""name"":""Liam Singh""}",E&I Leading Hand,Electrical & Instrumentation,7/7 DIDO,Night
Swing 8 - Day shift,2026-12-15T00:00:00,2026-12-21T00:00:00,0,Electrical & Instrumentation Crew,Day shift,"{""id"":""E1034"",""name"":""Liam Singh""}",E&I Leading Hand,Electrical & Instrumentation,7/7 DIDO,Day
Swing 9 - Night shift,2026-12-29T00:00:00,2027-01-04T00:00:00,0,Electrical & Instrumentation Crew,Night shift,"{""id"":""E1034"",""name"":""Liam Singh""}",E&I Leading Hand,Electrical & Instrumentation,7/7 DIDO,Night
Swing 10 - Day shift,2027-01-12T00:00:00,2027-01-18T00:00:00,0,Electrical & Instrumentation Crew,Day shift,"{""id"":""E1034"",""name"":""Liam Singh""}",E&I Leading Hand,Electrical & Instrumentation,7/7 DIDO,Day
Swing 11 - Night shift,2027-01-26T00:00:00,2027-02-01T00:00:00,0,Electrical & Instrumentation Crew,Night shift,"{""id"":""E1034"",""name"":""Liam Singh""}",E&I Leading Hand,Electrical & Instrumentation,7/7 DIDO,Night
Swing 12 - Day shift,2027-02-09T00:00:00,2027-02-15T00:00:00,0,Electrical & Instrumentation Crew,Day shift,"{""id"":""E1034"",""name"":""Liam Singh""}",E&I Leading Hand,Electrical & Instrumentation,7/7 DIDO,Day
Swing 13 - Night shift,2027-02-23T00:00:00,2027-03-01T00:00:00,0,Electrical & Instrumentation Crew,Night shift,"{""id"":""E1034"",""name"":""Liam Singh""}",E&I Leading Hand,Electrical & Instrumentation,7/7 DIDO,Night
Swing 14 - Day shift,2027-03-09T00:00:00,2027-03-15T00:00:00,0,Electrical & Instrumentation Crew,Day shift,"{""id"":""E1034"",""name"":""Liam Singh""}",E&I Leading Hand,Electrical & Instrumentation,7/7 DIDO,Day
Sick leave,2026-10-24T00:00:00,2026-10-26T00:00:00,0,Electrical & Instrumentation Crew,Leave,"{""id"":""E1034"",""name"":""Liam Singh""}",E&I Leading Hand,Electrical & Instrumentation,8/6 FIFO,
Swing 1 - Night shift,2026-09-02T00:00:00,2026-09-03T00:00:00,100,Electrical & Instrumentation Crew,Night shift,"{""id"":""E1035"",""name"":""Kofi Murphy""}",Electrician,Electrical & Instrumentation,8/6 FIFO,Night
Swing 2 - Day shift,2026-09-10T00:00:00,2026-09-17T00:00:00,88,Electrical & Instrumentation Crew,Day shift,"{""id"":""E1035"",""name"":""Kofi Murphy""}",Electrician,Electrical & Instrumentation,8/6 FIFO,Day
Swing 3 - Night shift,2026-09-24T00:00:00,2026-10-01T00:00:00,0,Electrical & Instrumentation Crew,Night shift,"{""id"":""E1035"",""name"":""Kofi Murphy""}",Electrician,Electrical & Instrumentation,8/6 FIFO,Night
Annual leave,2026-10-08T00:00:00,2026-10-15T00:00:00,0,Electrical & Instrumentation Crew,Leave,"{""id"":""E1035"",""name"":""Kofi Murphy""}",Electrician,Electrical & Instrumentation,8/6 FIFO,
Swing 5 - Day shift,2026-10-22T00:00:00,2026-10-29T00:00:00,0,Electrical & Instrumentation Crew,Day shift,"{""id"":""E1035"",""name"":""Kofi Murphy""}",Electrician,Electrical & Instrumentation,8/6 FIFO,Day
Swing 6 - Night shift,2026-11-05T00:00:00,2026-11-12T00:00:00,0,Electrical & Instrumentation Crew,Night shift,"{""id"":""E1035"",""name"":""Kofi Murphy""}",Electrician,Electrical & Instrumentation,8/6 FIFO,Night
Swing 7 - Day shift,2026-11-19T00:00:00,2026-11-26T00:00:00,0,Electrical & Instrumentation Crew,Day shift,"{""id"":""E1035"",""name"":""Kofi Murphy""}",Electrician,Electrical & Instrumentation,8/6 FIFO,Day
Swing 8 - Night shift,2026-12-03T00:00:00,2026-12-10T00:00:00,0,Electrical & Instrumentation Crew,Night shift,"{""id"":""E1035"",""name"":""Kofi Murphy""}",Electrician,Electrical & Instrumentation,8/6 FIFO,Night
Swing 9 - Day shift,2026-12-17T00:00:00,2026-12-24T00:00:00,0,Electrical & Instrumentation Crew,Day shift,"{""id"":""E1035"",""name"":""Kofi Murphy""}",Electrician,Electrical & Instrumentation,8/6 FIFO,Day
Swing 10 - Night shift,2026-12-31T00:00:00,2027-01-07T00:00:00,0,Electrical & Instrumentation Crew,Night shift,"{""id"":""E1035"",""name"":""Kofi Murphy""}",Electrician,Electrical & Instrumentation,8/6 FIFO,Night
Swing 11 - Day shift,2027-01-14T00:00:00,2027-01-21T00:00:00,0,Electrical & Instrumentation Crew,Day shift,"{""id"":""E1035"",""name"":""Kofi Murphy""}",Electrician,Electrical & Instrumentation,8/6 FIFO,Day
Swing 12 - Night shift,2027-01-28T00:00:00,2027-02-04T00:00:00,0,Electrical & Instrumentation Crew,Night shift,"{""id"":""E1035"",""name"":""Kofi Murphy""}",Electrician,Electrical & Instrumentation,8/6 FIFO,Night
Swing 13 - Day shift,2027-02-11T00:00:00,2027-02-18T00:00:00,0,Electrical & Instrumentation Crew,Day shift,"{""id"":""E1035"",""name"":""Kofi Murphy""}",Electrician,Electrical & Instrumentation,8/6 FIFO,Day
Swing 14 - Night shift,2027-02-25T00:00:00,2027-03-04T00:00:00,0,Electrical & Instrumentation Crew,Night shift,"{""id"":""E1035"",""name"":""Kofi Murphy""}",Electrician,Electrical & Instrumentation,8/6 FIFO,Night
Swing 15 - Day shift,2027-03-11T00:00:00,2027-03-15T00:00:00,0,Electrical & Instrumentation Crew,Day shift,"{""id"":""E1035"",""name"":""Kofi Murphy""}",Electrician,Electrical & Instrumentation,8/6 FIFO,Day
Swing 1 - Day shift,2026-09-07T00:00:00,2026-09-11T00:00:00,100,Electrical & Instrumentation Crew,Day shift,"{""id"":""E1036"",""name"":""Charlotte Kovac""}",Instrument Technician,Electrical & Instrumentation,5/2 Residential,Day
Swing 2 - Day shift,2026-09-14T00:00:00,2026-09-18T00:00:00,60,Electrical & Instrumentation Crew,Day shift,"{""id"":""E1036"",""name"":""Charlotte Kovac""}",Instrument Technician,Electrical & Instrumentation,5/2 Residential,Day
Swing 3 - Day shift,2026-09-21T00:00:00,2026-09-25T00:00:00,0,Electrical & Instrumentation Crew,Day shift,"{""id"":""E1036"",""name"":""Charlotte Kovac""}",Instrument Technician,Electrical & Instrumentation,5/2 Residential,Day
Swing 4 - Day shift,2026-09-28T00:00:00,2026-10-02T00:00:00,0,Electrical & Instrumentation Crew,Day shift,"{""id"":""E1036"",""name"":""Charlotte Kovac""}",Instrument Technician,Electrical & Instrumentation,5/2 Residential,Day
Swing 5 - Day shift,2026-10-05T00:00:00,2026-10-09T00:00:00,0,Electrical & Instrumentation Crew,Day shift,"{""id"":""E1036"",""name"":""Charlotte Kovac""}",Instrument Technician,Electrical & Instrumentation,5/2 Residential,Day
Swing 6 - Day shift,2026-10-12T00:00:00,2026-10-16T00:00:00,0,Electrical & Instrumentation Crew,Day shift,"{""id"":""E1036"",""name"":""Charlotte Kovac""}",Instrument Technician,Electrical & Instrumentation,5/2 Residential,Day
Swing 7 - Day shift,2026-10-19T00:00:00,2026-10-23T00:00:00,0,Electrical & Instrumentation Crew,Day shift,"{""id"":""E1036"",""name"":""Charlotte Kovac""}",Instrument Technician,Electrical & Instrumentation,5/2 Residential,Day
Swing 8 - Day shift,2026-10-26T00:00:00,2026-10-30T00:00:00,0,Electrical & Instrumentation Crew,Day shift,"{""id"":""E1036"",""name"":""Charlotte Kovac""}",Instrument Technician,Electrical & Instrumentation,5/2 Residential,Day
Swing 9 - Day shift,2026-11-02T00:00:00,2026-11-06T00:00:00,0,Electrical & Instrumentation Crew,Day shift,"{""id"":""E1036"",""name"":""Charlotte Kovac""}",Instrument Technician,Electrical & Instrumentation,5/2 Residential,Day
Swing 10 - Day shift,2026-11-09T00:00:00,2026-11-13T00:00:00,0,Electrical & Instrumentation Crew,Day shift,"{""id"":""E1036"",""name"":""Charlotte Kovac""}",Instrument Technician,Electrical & Instrumentation,5/2 Residential,Day
Swing 11 - Day shift,2026-11-16T00:00:00,2026-11-20T00:00:00,0,Electrical & Instrumentation Crew,Day shift,"{""id"":""E1036"",""name"":""Charlotte Kovac""}",Instrument Technician,Electrical & Instrumentation,5/2 Residential,Day
Swing 12 - Day shift,2026-11-23T00:00:00,2026-11-27T00:00:00,0,Electrical & Instrumentation Crew,Day shift,"{""id"":""E1036"",""name"":""Charlotte Kovac""}",Instrument Technician,Electrical & Instrumentation,5/2 Residential,Day
Swing 13 - Day shift,2026-11-30T00:00:00,2026-12-04T00:00:00,0,Electrical & Instrumentation Crew,Day shift,"{""id"":""E1036"",""name"":""Charlotte Kovac""}",Instrument Technician,Electrical & Instrumentation,5/2 Residential,Day
Swing 14 - Day shift,2026-12-07T00:00:00,2026-12-11T00:00:00,0,Electrical & Instrumentation Crew,Day shift,"{""id"":""E1036"",""name"":""Charlotte Kovac""}",Instrument Technician,Electrical & Instrumentation,5/2 Residential,Day
Swing 15 - Day shift,2026-12-14T00:00:00,2026-12-18T00:00:00,0,Electrical & Instrumentation Crew,Day shift,"{""id"":""E1036"",""name"":""Charlotte Kovac""}",Instrument Technician,Electrical & Instrumentation,5/2 Residential,Day
Swing 16 - Day shift,2026-12-21T00:00:00,2026-12-25T00:00:00,0,Electrical & Instrumentation Crew,Day shift,"{""id"":""E1036"",""name"":""Charlotte Kovac""}",Instrument Technician,Electrical & Instrumentation,5/2 Residential,Day
Swing 17 - Day shift,2026-12-28T00:00:00,2027-01-01T00:00:00,0,Electrical & Instrumentation Crew,Day shift,"{""id"":""E1036"",""name"":""Charlotte Kovac""}",Instrument Technician,Electrical & Instrumentation,5/2 Residential,Day
Swing 18 - Day shift,2027-01-04T00:00:00,2027-01-08T00:00:00,0,Electrical & Instrumentation Crew,Day shift,"{""id"":""E1036"",""name"":""Charlotte Kovac""}",Instrument Technician,Electrical & Instrumentation,5/2 Residential,Day
Swing 19 - Day shift,2027-01-11T00:00:00,2027-01-15T00:00:00,0,Electrical & Instrumentation Crew,Day shift,"{""id"":""E1036"",""name"":""Charlotte Kovac""}",Instrument Technician,Electrical & Instrumentation,5/2 Residential,Day
Swing 20 - Day shift,2027-01-18T00:00:00,2027-01-22T00:00:00,0,Electrical & Instrumentation Crew,Day shift,"{""id"":""E1036"",""name"":""Charlotte Kovac""}",Instrument Technician,Electrical & Instrumentation,5/2 Residential,Day
Swing 21 - Day shift,2027-01-25T00:00:00,2027-01-29T00:00:00,0,Electrical & Instrumentation Crew,Day shift,"{""id"":""E1036"",""name"":""Charlotte Kovac""}",Instrument Technician,Electrical & Instrumentation,5/2 Residential,Day
Swing 22 - Day shift,2027-02-01T00:00:00,2027-02-05T00:00:00,0,Electrical & Instrumentation Crew,Day shift,"{""id"":""E1036"",""name"":""Charlotte Kovac""}",Instrument Technician,Electrical & Instrumentation,5/2 Residential,Day
Swing 23 - Day shift,2027-02-08T00:00:00,2027-02-12T00:00:00,0,Electrical & Instrumentation Crew,Day shift,"{""id"":""E1036"",""name"":""Charlotte Kovac""}",Instrument Technician,Electrical & Instrumentation,5/2 Residential,Day
Swing 24 - Day shift,2027-02-15T00:00:00,2027-02-19T00:00:00,0,Electrical & Instrumentation Crew,Day shift,"{""id"":""E1036"",""name"":""Charlotte Kovac""}",Instrument Technician,Electrical & Instrumentation,5/2 Residential,Day
Swing 25 - Day shift,2027-02-22T00:00:00,2027-02-26T00:00:00,0,Electrical & Instrumentation Crew,Day shift,"{""id"":""E1036"",""name"":""Charlotte Kovac""}",Instrument Technician,Electrical & Instrumentation,5/2 Residential,Day
Swing 26 - Day shift,2027-03-01T00:00:00,2027-03-05T00:00:00,0,Electrical & Instrumentation Crew,Day shift,"{""id"":""E1036"",""name"":""Charlotte Kovac""}",Instrument Technician,Electrical & Instrumentation,5/2 Residential,Day
Swing 27 - Day shift,2027-03-08T00:00:00,2027-03-12T00:00:00,0,Electrical & Instrumentation Crew,Day shift,"{""id"":""E1036"",""name"":""Charlotte Kovac""}",Instrument Technician,Electrical & Instrumentation,5/2 Residential,Day
Swing 28 - Day shift,2027-03-15T00:00:00,2027-03-15T00:00:00,0,Electrical & Instrumentation Crew,Day shift,"{""id"":""E1036"",""name"":""Charlotte Kovac""}",Instrument Technician,Electrical & Instrumentation,5/2 Residential,Day
Swing 1 - Day shift,2026-09-04T00:00:00,2026-09-11T00:00:00,100,Electrical & Instrumentation Crew,Day shift,"{""id"":""E1037"",""name"":""Harper Williams""}",Electrician,Electrical & Instrumentation,8/6 FIFO,Day
Swing 2 - Night shift,2026-09-18T00:00:00,2026-09-25T00:00:00,0,Electrical & Instrumentation Crew,Night shift,"{""id"":""E1037"",""name"":""Harper Williams""}",Electrician,Electrical & Instrumentation,8/6 FIFO,Night
Swing 3 - Day shift,2026-10-02T00:00:00,2026-10-09T00:00:00,0,Electrical & Instrumentation Crew,Day shift,"{""id"":""E1037"",""name"":""Harper Williams""}",Electrician,Electrical & Instrumentation,8/6 FIFO,Day
Swing 4 - Night shift,2026-10-16T00:00:00,2026-10-23T00:00:00,0,Electrical & Instrumentation Crew,Night shift,"{""id"":""E1037"",""name"":""Harper Williams""}",Electrician,Electrical & Instrumentation,8/6 FIFO,Night
Swing 5 - Day shift,2026-10-30T00:00:00,2026-11-06T00:00:00,0,Electrical & Instrumentation Crew,Day shift,"{""id"":""E1037"",""name"":""Harper Williams""}",Electrician,Electrical & Instrumentation,8/6 FIFO,Day
Swing 6 - Night shift,2026-11-13T00:00:00,2026-11-20T00:00:00,0,Electrical & Instrumentation Crew,Night shift,"{""id"":""E1037"",""name"":""Harper Williams""}",Electrician,Electrical & Instrumentation,8/6 FIFO,Night
Swing 7 - Day shift,2026-11-27T00:00:00,2026-12-04T00:00:00,0,Electrical & Instrumentation Crew,Day shift,"{""id"":""E1037"",""name"":""Harper Williams""}",Electrician,Electrical & Instrumentation,8/6 FIFO,Day
Swing 8 - Night shift,2026-12-11T00:00:00,2026-12-18T00:00:00,0,Electrical & Instrumentation Crew,Night shift,"{""id"":""E1037"",""name"":""Harper Williams""}",Electrician,Electrical & Instrumentation,8/6 FIFO,Night
Roster change,2026-12-31T00:00:00,2026-12-31T00:00:00,0,Electrical & Instrumentation Crew,Induction,"{""id"":""E1037"",""name"":""Harper Williams""}",Electrician,Electrical & Instrumentation,14/14 FIFO,
Swing 9 - Day shift,2027-01-01T00:00:00,2027-01-14T00:00:00,0,Electrical & Instrumentation Crew,Day shift,"{""id"":""E1037"",""name"":""Harper Williams""}",Electrician,Electrical & Instrumentation,14/14 FIFO,Day
Swing 10 - Night shift,2027-01-29T00:00:00,2027-02-11T00:00:00,0,Electrical & Instrumentation Crew,Night shift,"{""id"":""E1037"",""name"":""Harper Williams""}",Electrician,Electrical & Instrumentation,14/14 FIFO,Night
Swing 11 - Day shift,2027-02-26T00:00:00,2027-03-11T00:00:00,0,Electrical & Instrumentation Crew,Day shift,"{""id"":""E1037"",""name"":""Harper Williams""}",Electrician,Electrical & Instrumentation,14/14 FIFO,Day
Swing 1 - Night shift,2026-09-08T00:00:00,2026-09-21T00:00:00,64,Electrical & Instrumentation Crew,Night shift,"{""id"":""E1038"",""name"":""Evie Ngata""}",Electrician,Electrical & Instrumentation,14/14 FIFO,Night
Swing 2 - Day shift,2026-10-06T00:00:00,2026-10-19T00:00:00,0,Electrical & Instrumentation Crew,Day shift,"{""id"":""E1038"",""name"":""Evie Ngata""}",Electrician,Electrical & Instrumentation,14/14 FIFO,Day
Swing 3 - Night shift,2026-11-03T00:00:00,2026-11-16T00:00:00,0,Electrical & Instrumentation Crew,Night shift,"{""id"":""E1038"",""name"":""Evie Ngata""}",Electrician,Electrical & Instrumentation,14/14 FIFO,Night
Swing 4 - Day shift,2026-12-01T00:00:00,2026-12-14T00:00:00,0,Electrical & Instrumentation Crew,Day shift,"{""id"":""E1038"",""name"":""Evie Ngata""}",Electrician,Electrical & Instrumentation,14/14 FIFO,Day
Swing 5 - Night shift,2026-12-29T00:00:00,2027-01-11T00:00:00,0,Electrical & Instrumentation Crew,Night shift,"{""id"":""E1038"",""name"":""Evie Ngata""}",Electrician,Electrical & Instrumentation,14/14 FIFO,Night
Annual leave,2027-01-26T00:00:00,2027-02-08T00:00:00,0,Electrical & Instrumentation Crew,Leave,"{""id"":""E1038"",""name"":""Evie Ngata""}",Electrician,Electrical & Instrumentation,14/14 FIFO,
Swing 7 - Day shift,2027-02-23T00:00:00,2027-03-08T00:00:00,0,Electrical & Instrumentation Crew,Day shift,"{""id"":""E1038"",""name"":""Evie Ngata""}",Electrician,Electrical & Instrumentation,14/14 FIFO,Day
Sick leave,2027-02-28T00:00:00,2027-02-28T00:00:00,0,Electrical & Instrumentation Crew,Leave,"{""id"":""E1038"",""name"":""Evie Ngata""}",Electrician,Electrical & Instrumentation,14/14 FIFO,
Swing 1 - Night shift,2026-09-02T00:00:00,2026-09-09T00:00:00,100,Electrical & Instrumentation Crew,Night shift,"{""id"":""E1039"",""name"":""William Ngata""}",E&I Leading Hand,Electrical & Instrumentation,21/7 FIFO,Night
Swing 2 - Day shift,2026-09-17T00:00:00,2026-10-07T00:00:00,0,Electrical & Instrumentation Crew,Day shift,"{""id"":""E1039"",""name"":""William Ngata""}",E&I Leading Hand,Electrical & Instrumentation,21/7 FIFO,Day
Swing 3 - Night shift,2026-10-15T00:00:00,2026-11-04T00:00:00,0,Electrical & Instrumentation Crew,Night shift,"{""id"":""E1039"",""name"":""William Ngata""}",E&I Leading Hand,Electrical & Instrumentation,21/7 FIFO,Night
Swing 4 - Day shift,2026-11-12T00:00:00,2026-11-16T00:00:00,0,Electrical & Instrumentation Crew,Day shift,"{""id"":""E1039"",""name"":""William Ngata""}",E&I Leading Hand,Electrical & Instrumentation,21/7 FIFO,Day
Roster change,2026-12-06T00:00:00,2026-12-06T00:00:00,0,Electrical & Instrumentation Crew,Induction,"{""id"":""E1039"",""name"":""William Ngata""}",E&I Leading Hand,Electrical & Instrumentation,14/14 FIFO,
Swing 5 - Night shift,2026-12-07T00:00:00,2026-12-20T00:00:00,0,Electrical & Instrumentation Crew,Night shift,"{""id"":""E1039"",""name"":""William Ngata""}",E&I Leading Hand,Electrical & Instrumentation,14/14 FIFO,Night
Swing 6 - Day shift,2027-01-04T00:00:00,2027-01-17T00:00:00,0,Electrical & Instrumentation Crew,Day shift,"{""id"":""E1039"",""name"":""William Ngata""}",E&I Leading Hand,Electrical & Instrumentation,14/14 FIFO,Day
Swing 7 - Night shift,2027-02-01T00:00:00,2027-02-14T00:00:00,0,Electrical & Instrumentation Crew,Night shift,"{""id"":""E1039"",""name"":""William Ngata""}",E&I Leading Hand,Electrical & Instrumentation,14/14 FIFO,Night
Swing 8 - Day shift,2027-03-01T00:00:00,2027-03-14T00:00:00,0,Electrical & Instrumentation Crew,Day shift,"{""id"":""E1039"",""name"":""William Ngata""}",E&I Leading Hand,Electrical & Instrumentation,14/14 FIFO,Day
Sick leave,2027-03-05T00:00:00,2027-03-07T00:00:00,0,Electrical & Instrumentation Crew,Leave,"{""id"":""E1039"",""name"":""William Ngata""}",E&I Leading Hand,Electrical & Instrumentation,14/14 FIFO,
Swing 1 - Night shift,2026-09-02T00:00:00,2026-09-03T00:00:00,100,Electrical & Instrumentation Crew,Night shift,"{""id"":""E1040"",""name"":""Chloe Fernandes""}",E&I Leading Hand,Electrical & Instrumentation,8/6 FIFO,Night
Swing 2 - Day shift,2026-09-10T00:00:00,2026-09-17T00:00:00,88,Electrical & Instrumentation Crew,Day shift,"{""id"":""E1040"",""name"":""Chloe Fernandes""}",E&I Leading Hand,Electrical & Instrumentation,8/6 FIFO,Day
Annual leave,2026-09-24T00:00:00,2026-10-01T00:00:00,0,Electrical & Instrumentation Crew,Leave,"{""id"":""E1040"",""name"":""Chloe Fernandes""}",E&I Leading Hand,Electrical & Instrumentation,8/6 FIFO,
Swing 4 - Night shift,2026-10-08T00:00:00,2026-10-15T00:00:00,0,Electrical & Instrumentation Crew,Night shift,"{""id"":""E1040"",""name"":""Chloe Fernandes""}",E&I Leading Hand,Electrical & Instrumentation,8/6 FIFO,Night
Swing 5 - Day shift,2026-10-22T00:00:00,2026-10-29T00:00:00,0,Electrical & Instrumentation Crew,Day shift,"{""id"":""E1040"",""name"":""Chloe Fernandes""}",E&I Leading Hand,Electrical & Instrumentation,8/6 FIFO,Day
Roster change,2026-11-11T00:00:00,2026-11-11T00:00:00,0,Electrical & Instrumentation Crew,Induction,"{""id"":""E1040"",""name"":""Chloe Fernandes""}",E&I Leading Hand,Electrical & Instrumentation,5/2 Residential,
Swing 6 - Night shift,2026-11-16T00:00:00,2026-11-20T00:00:00,0,Electrical & Instrumentation Crew,Night shift,"{""id"":""E1040"",""name"":""Chloe Fernandes""}",E&I Leading Hand,Electrical & Instrumentation,5/2 Residential,Night
Swing 7 - Night shift,2026-11-23T00:00:00,2026-11-27T00:00:00,0,Electrical & Instrumentation Crew,Night shift,"{""id"":""E1040"",""name"":""Chloe Fernandes""}",E&I Leading Hand,Electrical & Instrumentation,5/2 Residential,Night
Swing 8 - Night shift,2026-11-30T00:00:00,2026-12-04T00:00:00,0,Electrical & Instrumentation Crew,Night shift,"{""id"":""E1040"",""name"":""Chloe Fernandes""}",E&I Leading Hand,Electrical & Instrumentation,5/2 Residential,Night
Swing 9 - Night shift,2026-12-07T00:00:00,2026-12-11T00:00:00,0,Electrical & Instrumentation Crew,Night shift,"{""id"":""E1040"",""name"":""Chloe Fernandes""}",E&I Leading Hand,Electrical & Instrumentation,5/2 Residential,Night
Swing 10 - Night shift,2026-12-14T00:00:00,2026-12-18T00:00:00,0,Electrical & Instrumentation Crew,Night shift,"{""id"":""E1040"",""name"":""Chloe Fernandes""}",E&I Leading Hand,Electrical & Instrumentation,5/2 Residential,Night
Swing 11 - Night shift,2026-12-21T00:00:00,2026-12-25T00:00:00,0,Electrical & Instrumentation Crew,Night shift,"{""id"":""E1040"",""name"":""Chloe Fernandes""}",E&I Leading Hand,Electrical & Instrumentation,5/2 Residential,Night
Swing 12 - Night shift,2026-12-28T00:00:00,2027-01-01T00:00:00,0,Electrical & Instrumentation Crew,Night shift,"{""id"":""E1040"",""name"":""Chloe Fernandes""}",E&I Leading Hand,Electrical & Instrumentation,5/2 Residential,Night
Swing 13 - Night shift,2027-01-04T00:00:00,2027-01-08T00:00:00,0,Electrical & Instrumentation Crew,Night shift,"{""id"":""E1040"",""name"":""Chloe Fernandes""}",E&I Leading Hand,Electrical & Instrumentation,5/2 Residential,Night
Swing 14 - Night shift,2027-01-11T00:00:00,2027-01-15T00:00:00,0,Electrical & Instrumentation Crew,Night shift,"{""id"":""E1040"",""name"":""Chloe Fernandes""}",E&I Leading Hand,Electrical & Instrumentation,5/2 Residential,Night
Swing 15 - Night shift,2027-01-18T00:00:00,2027-01-22T00:00:00,0,Electrical & Instrumentation Crew,Night shift,"{""id"":""E1040"",""name"":""Chloe Fernandes""}",E&I Leading Hand,Electrical & Instrumentation,5/2 Residential,Night
Swing 16 - Night shift,2027-01-25T00:00:00,2027-01-29T00:00:00,0,Electrical & Instrumentation Crew,Night shift,"{""id"":""E1040"",""name"":""Chloe Fernandes""}",E&I Leading Hand,Electrical & Instrumentation,5/2 Residential,Night
Swing 17 - Night shift,2027-02-01T00:00:00,2027-02-05T00:00:00,0,Electrical & Instrumentation Crew,Night shift,"{""id"":""E1040"",""name"":""Chloe Fernandes""}",E&I Leading Hand,Electrical & Instrumentation,5/2 Residential,Night
Swing 18 - Night shift,2027-02-08T00:00:00,2027-02-12T00:00:00,0,Electrical & Instrumentation Crew,Night shift,"{""id"":""E1040"",""name"":""Chloe Fernandes""}",E&I Leading Hand,Electrical & Instrumentation,5/2 Residential,Night
Swing 19 - Night shift,2027-02-15T00:00:00,2027-02-19T00:00:00,0,Electrical & Instrumentation Crew,Night shift,"{""id"":""E1040"",""name"":""Chloe Fernandes""}",E&I Leading Hand,Electrical & Instrumentation,5/2 Residential,Night
Swing 20 - Night shift,2027-02-22T00:00:00,2027-02-26T00:00:00,0,Electrical & Instrumentation Crew,Night shift,"{""id"":""E1040"",""name"":""Chloe Fernandes""}",E&I Leading Hand,Electrical & Instrumentation,5/2 Residential,Night
Swing 21 - Night shift,2027-03-01T00:00:00,2027-03-05T00:00:00,0,Electrical & Instrumentation Crew,Night shift,"{""id"":""E1040"",""name"":""Chloe Fernandes""}",E&I Leading Hand,Electrical & Instrumentation,5/2 Residential,Night
Swing 22 - Night shift,2027-03-08T00:00:00,2027-03-12T00:00:00,0,Electrical & Instrumentation Crew,Night shift,"{""id"":""E1040"",""name"":""Chloe Fernandes""}",E&I Leading Hand,Electrical & Instrumentation,5/2 Residential,Night
Swing 23 - Night shift,2027-03-15T00:00:00,2027-03-15T00:00:00,0,Electrical & Instrumentation Crew,Night shift,"{""id"":""E1040"",""name"":""Chloe Fernandes""}",E&I Leading Hand,Electrical & Instrumentation,5/2 Residential,Night
Annual leave,2026-11-25T00:00:00,2026-12-03T00:00:00,0,Electrical & Instrumentation Crew,Leave,"{""id"":""E1040"",""name"":""Chloe Fernandes""}",E&I Leading Hand,Electrical & Instrumentation,5/2 Residential,
Swing 1 - Night shift,2026-09-02T00:00:00,2026-09-03T00:00:00,100,Electrical & Instrumentation Crew,Night shift,"{""id"":""E1041"",""name"":""Arjun Taylor""}",Electrician,Electrical & Instrumentation,21/7 FIFO,Night
Swing 2 - Day shift,2026-09-11T00:00:00,2026-10-01T00:00:00,29,Electrical & Instrumentation Crew,Day shift,"{""id"":""E1041"",""name"":""Arjun Taylor""}",Electrician,Electrical & Instrumentation,21/7 FIFO,Day
Swing 3 - Night shift,2026-10-09T00:00:00,2026-10-29T00:00:00,0,Electrical & Instrumentation Crew,Night shift,"{""id"":""E1041"",""name"":""Arjun Taylor""}",Electrician,Electrical & Instrumentation,21/7 FIFO,Night
Swing 4 - Day shift,2026-11-06T00:00:00,2026-11-26T00:00:00,0,Electrical & Instrumentation Crew,Day shift,"{""id"":""E1041"",""name"":""Arjun Taylor""}",Electrician,Electrical & Instrumentation,21/7 FIFO,Day
Swing 5 - Night shift,2026-12-04T00:00:00,2026-12-24T00:00:00,0,Electrical & Instrumentation Crew,Night shift,"{""id"":""E1041"",""name"":""Arjun Taylor""}",Electrician,Electrical & Instrumentation,21/7 FIFO,Night
Swing 6 - Day shift,2027-01-01T00:00:00,2027-01-21T00:00:00,0,Electrical & Instrumentation Crew,Day shift,"{""id"":""E1041"",""name"":""Arjun Taylor""}",Electrician,Electrical & Instrumentation,21/7 FIFO,Day
Swing 7 - Night shift,2027-01-29T00:00:00,2027-02-18T00:00:00,0,Electrical & Instrumentation Crew,Night shift,"{""id"":""E1041"",""name"":""Arjun Taylor""}",Electrician,Electrical & Instrumentation,21/7 FIFO,Night
Swing 8 - Day shift,2027-02-26T00:00:00,2027-03-15T00:00:00,0,Electrical & Instrumentation Crew,Day shift,"{""id"":""E1041"",""name"":""Arjun Taylor""}",Electrician,Electrical & Instrumentation,21/7 FIFO,Day
Site induction,2026-09-26T00:00:00,2026-09-26T00:00:00,0,Electrical & Instrumentation Crew,Induction,"{""id"":""E1042"",""name"":""Thomas Thompson""}",Electrician,Electrical & Instrumentation,21/7 FIFO,
Swing 1 - Night shift,2026-09-27T00:00:00,2026-10-17T00:00:00,0,Electrical & Instrumentation Crew,Night shift,"{""id"":""E1042"",""name"":""Thomas Thompson""}",Electrician,Electrical & Instrumentation,21/7 FIFO,Night
Swing 2 - Day shift,2026-10-25T00:00:00,2026-11-14T00:00:00,0,Electrical & Instrumentation Crew,Day shift,"{""id"":""E1042"",""name"":""Thomas Thompson""}",Electrician,Electrical & Instrumentation,21/7 FIFO,Day
Swing 3 - Night shift,2026-11-22T00:00:00,2026-12-12T00:00:00,0,Electrical & Instrumentation Crew,Night shift,"{""id"":""E1042"",""name"":""Thomas Thompson""}",Electrician,Electrical & Instrumentation,21/7 FIFO,Night
Swing 4 - Day shift,2026-12-20T00:00:00,2027-01-09T00:00:00,0,Electrical & Instrumentation Crew,Day shift,"{""id"":""E1042"",""name"":""Thomas Thompson""}",Electrician,Electrical & Instrumentation,21/7 FIFO,Day
Swing 5 - Night shift,2027-01-17T00:00:00,2027-02-06T00:00:00,0,Electrical & Instrumentation Crew,Night shift,"{""id"":""E1042"",""name"":""Thomas Thompson""}",Electrician,Electrical & Instrumentation,21/7 FIFO,Night
Swing 6 - Day shift,2027-02-14T00:00:00,2027-03-06T00:00:00,0,Electrical & Instrumentation Crew,Day shift,"{""id"":""E1042"",""name"":""Thomas Thompson""}",Electrician,Electrical & Instrumentation,21/7 FIFO,Day
Swing 7 - Night shift,2027-03-14T00:00:00,2027-03-15T00:00:00,0,Electrical & Instrumentation Crew,Night shift,"{""id"":""E1042"",""name"":""Thomas Thompson""}",Electrician,Electrical & Instrumentation,21/7 FIFO,Night
Swing 1 - Day shift,2026-09-02T00:00:00,2026-09-10T00:00:00,100,Electrical & Instrumentation Crew,Day shift,"{""id"":""E1043"",""name"":""Siobhan Chen""}",Instrument Technician,Electrical & Instrumentation,14/14 FIFO,Day
Swing 2 - Night shift,2026-09-25T00:00:00,2026-10-08T00:00:00,0,Electrical & Instrumentation Crew,Night shift,"{""id"":""E1043"",""name"":""Siobhan Chen""}",Instrument Technician,Electrical & Instrumentation,14/14 FIFO,Night
Swing 3 - Day shift,2026-10-23T00:00:00,2026-11-05T00:00:00,0,Electrical & Instrumentation Crew,Day shift,"{""id"":""E1043"",""name"":""Siobhan Chen""}",Instrument Technician,Electrical & Instrumentation,14/14 FIFO,Day
Swing 4 - Night shift,2026-11-20T00:00:00,2026-12-03T00:00:00,0,Electrical & Instrumentation Crew,Night shift,"{""id"":""E1043"",""name"":""Siobhan Chen""}",Instrument Technician,Electrical & Instrumentation,14/14 FIFO,Night
Swing 5 - Day shift,2026-12-18T00:00:00,2026-12-31T00:00:00,0,Electrical & Instrumentation Crew,Day shift,"{""id"":""E1043"",""name"":""Siobhan Chen""}",Instrument Technician,Electrical & Instrumentation,14/14 FIFO,Day
Swing 6 - Night shift,2027-01-15T00:00:00,2027-01-28T00:00:00,0,Electrical & Instrumentation Crew,Night shift,"{""id"":""E1043"",""name"":""Siobhan Chen""}",Instrument Technician,Electrical & Instrumentation,14/14 FIFO,Night
Swing 7 - Day shift,2027-02-12T00:00:00,2027-02-25T00:00:00,0,Electrical & Instrumentation Crew,Day shift,"{""id"":""E1043"",""name"":""Siobhan Chen""}",Instrument Technician,Electrical & Instrumentation,14/14 FIFO,Day
Swing 8 - Night shift,2027-03-12T00:00:00,2027-03-15T00:00:00,0,Electrical & Instrumentation Crew,Night shift,"{""id"":""E1043"",""name"":""Siobhan Chen""}",Instrument Technician,Electrical & Instrumentation,14/14 FIFO,Night
Swing 1 - Day shift,2026-09-08T00:00:00,2026-09-15T00:00:00,100,Electrical & Instrumentation Crew,Day shift,"{""id"":""E1044"",""name"":""Sophie Kovac""}",E&I Leading Hand,Electrical & Instrumentation,8/6 FIFO,Day
Swing 2 - Night shift,2026-09-22T00:00:00,2026-09-29T00:00:00,0,Electrical & Instrumentation Crew,Night shift,"{""id"":""E1044"",""name"":""Sophie Kovac""}",E&I Leading Hand,Electrical & Instrumentation,8/6 FIFO,Night
Swing 3 - Day shift,2026-10-06T00:00:00,2026-10-13T00:00:00,0,Electrical & Instrumentation Crew,Day shift,"{""id"":""E1044"",""name"":""Sophie Kovac""}",E&I Leading Hand,Electrical & Instrumentation,8/6 FIFO,Day
Swing 4 - Night shift,2026-10-20T00:00:00,2026-10-27T00:00:00,0,Electrical & Instrumentation Crew,Night shift,"{""id"":""E1044"",""name"":""Sophie Kovac""}",E&I Leading Hand,Electrical & Instrumentation,8/6 FIFO,Night
Swing 5 - Day shift,2026-11-03T00:00:00,2026-11-10T00:00:00,0,Electrical & Instrumentation Crew,Day shift,"{""id"":""E1044"",""name"":""Sophie Kovac""}",E&I Leading Hand,Electrical & Instrumentation,8/6 FIFO,Day
Swing 6 - Night shift,2026-11-17T00:00:00,2026-11-24T00:00:00,0,Electrical & Instrumentation Crew,Night shift,"{""id"":""E1044"",""name"":""Sophie Kovac""}",E&I Leading Hand,Electrical & Instrumentation,8/6 FIFO,Night
Swing 7 - Day shift,2026-12-01T00:00:00,2026-12-08T00:00:00,0,Electrical & Instrumentation Crew,Day shift,"{""id"":""E1044"",""name"":""Sophie Kovac""}",E&I Leading Hand,Electrical & Instrumentation,8/6 FIFO,Day
Swing 8 - Night shift,2026-12-15T00:00:00,2026-12-22T00:00:00,0,Electrical & Instrumentation Crew,Night shift,"{""id"":""E1044"",""name"":""Sophie Kovac""}",E&I Leading Hand,Electrical & Instrumentation,8/6 FIFO,Night
Swing 9 - Day shift,2026-12-29T00:00:00,2027-01-05T00:00:00,0,Electrical & Instrumentation Crew,Day shift,"{""id"":""E1044"",""name"":""Sophie Kovac""}",E&I Leading Hand,Electrical & Instrumentation,8/6 FIFO,Day
Swing 10 - Night shift,2027-01-12T00:00:00,2027-01-19T00:00:00,0,Electrical & Instrumentation Crew,Night shift,"{""id"":""E1044"",""name"":""Sophie Kovac""}",E&I Leading Hand,Electrical & Instrumentation,8/6 FIFO,Night
Swing 11 - Day shift,2027-01-26T00:00:00,2027-02-02T00:00:00,0,Electrical & Instrumentation Crew,Day shift,"{""id"":""E1044"",""name"":""Sophie Kovac""}",E&I Leading Hand,Electrical & Instrumentation,8/6 FIFO,Day
Swing 12 - Night shift,2027-02-09T00:00:00,2027-02-16T00:00:00,0,Electrical & Instrumentation Crew,Night shift,"{""id"":""E1044"",""name"":""Sophie Kovac""}",E&I Leading Hand,Electrical & Instrumentation,8/6 FIFO,Night
Swing 13 - Day shift,2027-02-23T00:00:00,2027-03-02T00:00:00,0,Electrical & Instrumentation Crew,Day shift,"{""id"":""E1044"",""name"":""Sophie Kovac""}",E&I Leading Hand,Electrical & Instrumentation,8/6 FIFO,Day
Swing 14 - Night shift,2027-03-09T00:00:00,2027-03-15T00:00:00,0,Electrical & Instrumentation Crew,Night shift,"{""id"":""E1044"",""name"":""Sophie Kovac""}",E&I Leading Hand,Electrical & Instrumentation,8/6 FIFO,Night
Sick leave,2026-12-17T00:00:00,2026-12-18T00:00:00,0,Electrical & Instrumentation Crew,Leave,"{""id"":""E1044"",""name"":""Sophie Kovac""}",E&I Leading Hand,Electrical & Instrumentation,8/6 FIFO,
Swing 1 - Day shift,2026-09-02T00:00:00,2026-09-02T00:00:00,100,Electrical & Instrumentation Crew,Day shift,"{""id"":""E1045"",""name"":""Cooper Green""}",Electrician,Electrical & Instrumentation,14/14 FIFO,Day
Swing 2 - Night shift,2026-09-17T00:00:00,2026-09-30T00:00:00,0,Electrical & Instrumentation Crew,Night shift,"{""id"":""E1045"",""name"":""Cooper Green""}",Electrician,Electrical & Instrumentation,14/14 FIFO,Night
Swing 3 - Day shift,2026-10-15T00:00:00,2026-10-28T00:00:00,0,Electrical & Instrumentation Crew,Day shift,"{""id"":""E1045"",""name"":""Cooper Green""}",Electrician,Electrical & Instrumentation,14/14 FIFO,Day
Swing 4 - Night shift,2026-11-12T00:00:00,2026-11-25T00:00:00,0,Electrical & Instrumentation Crew,Night shift,"{""id"":""E1045"",""name"":""Cooper Green""}",Electrician,Electrical & Instrumentation,14/14 FIFO,Night
Swing 5 - Day shift,2026-12-10T00:00:00,2026-12-23T00:00:00,0,Electrical & Instrumentation Crew,Day shift,"{""id"":""E1045"",""name"":""Cooper Green""}",Electrician,Electrical & Instrumentation,14/14 FIFO,Day
Swing 6 - Night shift,2027-01-07T00:00:00,2027-01-20T00:00:00,0,Electrical & Instrumentation Crew,Night shift,"{""id"":""E1045"",""name"":""Cooper Green""}",Electrician,Electrical & Instrumentation,14/14 FIFO,Night
Swing 7 - Day shift,2027-02-04T00:00:00,2027-02-17T00:00:00,0,Electrical & Instrumentation Crew,Day shift,"{""id"":""E1045"",""name"":""Cooper Green""}",Electrician,Electrical & Instrumentation,14/14 FIFO,Day
Swing 8 - Night shift,2027-03-04T00:00:00,2027-03-15T00:00:00,0,Electrical & Instrumentation Crew,Night shift,"{""id"":""E1045"",""name"":""Cooper Green""}",Electrician,Electrical & Instrumentation,14/14 FIFO,Night
Boilermakers & Welders Crew,2026-09-02T00:00:00,2027-03-15T00:00:00,8,,Crew,,,Boilermakers & Welders,,
Swing 1 - Day shift,2026-09-08T00:00:00,2026-09-14T00:00:00,100,Boilermakers & Welders Crew,Day shift,"{""id"":""E1046"",""name"":""Lucia Kelly""}",Leading Hand Boilermaker,Boilermakers & Welders,7/7 DIDO,Day
Swing 2 - Night shift,2026-09-22T00:00:00,2026-09-28T00:00:00,0,Boilermakers & Welders Crew,Night shift,"{""id"":""E1046"",""name"":""Lucia Kelly""}",Leading Hand Boilermaker,Boilermakers & Welders,7/7 DIDO,Night
Annual leave,2026-10-06T00:00:00,2026-10-12T00:00:00,0,Boilermakers & Welders Crew,Leave,"{""id"":""E1046"",""name"":""Lucia Kelly""}",Leading Hand Boilermaker,Boilermakers & Welders,7/7 DIDO,
Swing 4 - Day shift,2026-10-20T00:00:00,2026-10-26T00:00:00,0,Boilermakers & Welders Crew,Day shift,"{""id"":""E1046"",""name"":""Lucia Kelly""}",Leading Hand Boilermaker,Boilermakers & Welders,7/7 DIDO,Day
Swing 5 - Night shift,2026-11-03T00:00:00,2026-11-09T00:00:00,0,Boilermakers & Welders Crew,Night shift,"{""id"":""E1046"",""name"":""Lucia Kelly""}",Leading Hand Boilermaker,Boilermakers & Welders,7/7 DIDO,Night
Swing 6 - Day shift,2026-11-17T00:00:00,2026-11-23T00:00:00,0,Boilermakers & Welders Crew,Day shift,"{""id"":""E1046"",""name"":""Lucia Kelly""}",Leading Hand Boilermaker,Boilermakers & Welders,7/7 DIDO,Day
Swing 7 - Night shift,2026-12-01T00:00:00,2026-12-07T00:00:00,0,Boilermakers & Welders Crew,Night shift,"{""id"":""E1046"",""name"":""Lucia Kelly""}",Leading Hand Boilermaker,Boilermakers & Welders,7/7 DIDO,Night
Swing 8 - Day shift,2026-12-15T00:00:00,2026-12-21T00:00:00,0,Boilermakers & Welders Crew,Day shift,"{""id"":""E1046"",""name"":""Lucia Kelly""}",Leading Hand Boilermaker,Boilermakers & Welders,7/7 DIDO,Day
Swing 9 - Night shift,2026-12-29T00:00:00,2027-01-04T00:00:00,0,Boilermakers & Welders Crew,Night shift,"{""id"":""E1046"",""name"":""Lucia Kelly""}",Leading Hand Boilermaker,Boilermakers & Welders,7/7 DIDO,Night
Swing 10 - Day shift,2027-01-12T00:00:00,2027-01-18T00:00:00,0,Boilermakers & Welders Crew,Day shift,"{""id"":""E1046"",""name"":""Lucia Kelly""}",Leading Hand Boilermaker,Boilermakers & Welders,7/7 DIDO,Day
Swing 11 - Night shift,2027-01-26T00:00:00,2027-02-01T00:00:00,0,Boilermakers & Welders Crew,Night shift,"{""id"":""E1046"",""name"":""Lucia Kelly""}",Leading Hand Boilermaker,Boilermakers & Welders,7/7 DIDO,Night
Swing 12 - Day shift,2027-02-09T00:00:00,2027-02-15T00:00:00,0,Boilermakers & Welders Crew,Day shift,"{""id"":""E1046"",""name"":""Lucia Kelly""}",Leading Hand Boilermaker,Boilermakers & Welders,7/7 DIDO,Day
Swing 13 - Night shift,2027-02-23T00:00:00,2027-03-01T00:00:00,0,Boilermakers & Welders Crew,Night shift,"{""id"":""E1046"",""name"":""Lucia Kelly""}",Leading Hand Boilermaker,Boilermakers & Welders,7/7 DIDO,Night
Swing 14 - Day shift,2027-03-09T00:00:00,2027-03-15T00:00:00,0,Boilermakers & Welders Crew,Day shift,"{""id"":""E1046"",""name"":""Lucia Kelly""}",Leading Hand Boilermaker,Boilermakers & Welders,7/7 DIDO,Day
Swing 1 - Night shift,2026-09-02T00:00:00,2026-09-06T00:00:00,100,Boilermakers & Welders Crew,Night shift,"{""id"":""E1047"",""name"":""Ravi Harris""}",Boilermaker,Boilermakers & Welders,8/6 FIFO,Night
Swing 2 - Day shift,2026-09-13T00:00:00,2026-09-20T00:00:00,50,Boilermakers & Welders Crew,Day shift,"{""id"":""E1047"",""name"":""Ravi Harris""}",Boilermaker,Boilermakers & Welders,8/6 FIFO,Day
Swing 3 - Night shift,2026-09-27T00:00:00,2026-10-04T00:00:00,0,Boilermakers & Welders Crew,Night shift,"{""id"":""E1047"",""name"":""Ravi Harris""}",Boilermaker,Boilermakers & Welders,8/6 FIFO,Night
Swing 4 - Day shift,2026-10-11T00:00:00,2026-10-18T00:00:00,0,Boilermakers & Welders Crew,Day shift,"{""id"":""E1047"",""name"":""Ravi Harris""}",Boilermaker,Boilermakers & Welders,8/6 FIFO,Day
Swing 5 - Night shift,2026-10-25T00:00:00,2026-11-01T00:00:00,0,Boilermakers & Welders Crew,Night shift,"{""id"":""E1047"",""name"":""Ravi Harris""}",Boilermaker,Boilermakers & Welders,8/6 FIFO,Night
Swing 6 - Day shift,2026-11-08T00:00:00,2026-11-15T00:00:00,0,Boilermakers & Welders Crew,Day shift,"{""id"":""E1047"",""name"":""Ravi Harris""}",Boilermaker,Boilermakers & Welders,8/6 FIFO,Day
Swing 7 - Night shift,2026-11-22T00:00:00,2026-11-29T00:00:00,0,Boilermakers & Welders Crew,Night shift,"{""id"":""E1047"",""name"":""Ravi Harris""}",Boilermaker,Boilermakers & Welders,8/6 FIFO,Night
Swing 8 - Day shift,2026-12-06T00:00:00,2026-12-13T00:00:00,0,Boilermakers & Welders Crew,Day shift,"{""id"":""E1047"",""name"":""Ravi Harris""}",Boilermaker,Boilermakers & Welders,8/6 FIFO,Day
Swing 9 - Night shift,2026-12-20T00:00:00,2026-12-27T00:00:00,0,Boilermakers & Welders Crew,Night shift,"{""id"":""E1047"",""name"":""Ravi Harris""}",Boilermaker,Boilermakers & Welders,8/6 FIFO,Night
Swing 10 - Day shift,2027-01-03T00:00:00,2027-01-10T00:00:00,0,Boilermakers & Welders Crew,Day shift,"{""id"":""E1047"",""name"":""Ravi Harris""}",Boilermaker,Boilermakers & Welders,8/6 FIFO,Day
Swing 11 - Night shift,2027-01-17T00:00:00,2027-01-24T00:00:00,0,Boilermakers & Welders Crew,Night shift,"{""id"":""E1047"",""name"":""Ravi Harris""}",Boilermaker,Boilermakers & Welders,8/6 FIFO,Night
Swing 12 - Day shift,2027-01-31T00:00:00,2027-02-07T00:00:00,0,Boilermakers & Welders Crew,Day shift,"{""id"":""E1047"",""name"":""Ravi Harris""}",Boilermaker,Boilermakers & Welders,8/6 FIFO,Day
Swing 13 - Night shift,2027-02-14T00:00:00,2027-02-21T00:00:00,0,Boilermakers & Welders Crew,Night shift,"{""id"":""E1047"",""name"":""Ravi Harris""}",Boilermaker,Boilermakers & Welders,8/6 FIFO,Night
Swing 14 - Day shift,2027-02-28T00:00:00,2027-03-07T00:00:00,0,Boilermakers & Welders Crew,Day shift,"{""id"":""E1047"",""name"":""Ravi Harris""}",Boilermaker,Boilermakers & Welders,8/6 FIFO,Day
Swing 15 - Night shift,2027-03-14T00:00:00,2027-03-15T00:00:00,0,Boilermakers & Welders Crew,Night shift,"{""id"":""E1047"",""name"":""Ravi Harris""}",Boilermaker,Boilermakers & Welders,8/6 FIFO,Night
Sick leave,2026-09-29T00:00:00,2026-10-01T00:00:00,0,Boilermakers & Welders Crew,Leave,"{""id"":""E1047"",""name"":""Ravi Harris""}",Boilermaker,Boilermakers & Welders,8/6 FIFO,
Site induction,2026-11-04T00:00:00,2026-11-04T00:00:00,0,Boilermakers & Welders Crew,Induction,"{""id"":""E1048"",""name"":""Priya Clarke""}",Coded Welder,Boilermakers & Welders,7/7 DIDO,
Swing 1 - Night shift,2026-11-05T00:00:00,2026-11-11T00:00:00,0,Boilermakers & Welders Crew,Night shift,"{""id"":""E1048"",""name"":""Priya Clarke""}",Coded Welder,Boilermakers & Welders,7/7 DIDO,Night
Swing 2 - Day shift,2026-11-19T00:00:00,2026-11-25T00:00:00,0,Boilermakers & Welders Crew,Day shift,"{""id"":""E1048"",""name"":""Priya Clarke""}",Coded Welder,Boilermakers & Welders,7/7 DIDO,Day
Roster change,2026-12-10T00:00:00,2026-12-10T00:00:00,0,Boilermakers & Welders Crew,Induction,"{""id"":""E1048"",""name"":""Priya Clarke""}",Coded Welder,Boilermakers & Welders,8/6 FIFO,
Swing 3 - Night shift,2026-12-11T00:00:00,2026-12-18T00:00:00,0,Boilermakers & Welders Crew,Night shift,"{""id"":""E1048"",""name"":""Priya Clarke""}",Coded Welder,Boilermakers & Welders,8/6 FIFO,Night
Swing 4 - Day shift,2026-12-25T00:00:00,2027-01-01T00:00:00,0,Boilermakers & Welders Crew,Day shift,"{""id"":""E1048"",""name"":""Priya Clarke""}",Coded Welder,Boilermakers & Welders,8/6 FIFO,Day
Swing 5 - Night shift,2027-01-08T00:00:00,2027-01-15T00:00:00,0,Boilermakers & Welders Crew,Night shift,"{""id"":""E1048"",""name"":""Priya Clarke""}",Coded Welder,Boilermakers & Welders,8/6 FIFO,Night
Swing 6 - Day shift,2027-01-22T00:00:00,2027-01-29T00:00:00,0,Boilermakers & Welders Crew,Day shift,"{""id"":""E1048"",""name"":""Priya Clarke""}",Coded Welder,Boilermakers & Welders,8/6 FIFO,Day
Swing 7 - Night shift,2027-02-05T00:00:00,2027-02-12T00:00:00,0,Boilermakers & Welders Crew,Night shift,"{""id"":""E1048"",""name"":""Priya Clarke""}",Coded Welder,Boilermakers & Welders,8/6 FIFO,Night
Swing 8 - Day shift,2027-02-19T00:00:00,2027-02-26T00:00:00,0,Boilermakers & Welders Crew,Day shift,"{""id"":""E1048"",""name"":""Priya Clarke""}",Coded Welder,Boilermakers & Welders,8/6 FIFO,Day
Swing 9 - Night shift,2027-03-05T00:00:00,2027-03-12T00:00:00,0,Boilermakers & Welders Crew,Night shift,"{""id"":""E1048"",""name"":""Priya Clarke""}",Coded Welder,Boilermakers & Welders,8/6 FIFO,Night
Swing 1 - Day shift,2026-09-02T00:00:00,2026-09-03T00:00:00,100,Boilermakers & Welders Crew,Day shift,"{""id"":""E1049"",""name"":""Chloe Johnson""}",Coded Welder,Boilermakers & Welders,21/7 FIFO,Day
Swing 2 - Night shift,2026-09-11T00:00:00,2026-10-01T00:00:00,29,Boilermakers & Welders Crew,Night shift,"{""id"":""E1049"",""name"":""Chloe Johnson""}",Coded Welder,Boilermakers & Welders,21/7 FIFO,Night
Swing 3 - Day shift,2026-10-09T00:00:00,2026-10-29T00:00:00,0,Boilermakers & Welders Crew,Day shift,"{""id"":""E1049"",""name"":""Chloe Johnson""}",Coded Welder,Boilermakers & Welders,21/7 FIFO,Day
Swing 4 - Night shift,2026-11-06T00:00:00,2026-11-26T00:00:00,0,Boilermakers & Welders Crew,Night shift,"{""id"":""E1049"",""name"":""Chloe Johnson""}",Coded Welder,Boilermakers & Welders,21/7 FIFO,Night
Swing 5 - Day shift,2026-12-04T00:00:00,2026-12-24T00:00:00,0,Boilermakers & Welders Crew,Day shift,"{""id"":""E1049"",""name"":""Chloe Johnson""}",Coded Welder,Boilermakers & Welders,21/7 FIFO,Day
Swing 6 - Night shift,2027-01-01T00:00:00,2027-01-21T00:00:00,0,Boilermakers & Welders Crew,Night shift,"{""id"":""E1049"",""name"":""Chloe Johnson""}",Coded Welder,Boilermakers & Welders,21/7 FIFO,Night
Swing 7 - Day shift,2027-01-29T00:00:00,2027-02-18T00:00:00,0,Boilermakers & Welders Crew,Day shift,"{""id"":""E1049"",""name"":""Chloe Johnson""}",Coded Welder,Boilermakers & Welders,21/7 FIFO,Day
Swing 8 - Night shift,2027-02-26T00:00:00,2027-03-15T00:00:00,0,Boilermakers & Welders Crew,Night shift,"{""id"":""E1049"",""name"":""Chloe Johnson""}",Coded Welder,Boilermakers & Welders,21/7 FIFO,Night
Annual leave,2027-02-08T00:00:00,2027-02-28T00:00:00,0,Boilermakers & Welders Crew,Leave,"{""id"":""E1049"",""name"":""Chloe Johnson""}",Coded Welder,Boilermakers & Welders,21/7 FIFO,
Swing 1 - Day shift,2026-09-07T00:00:00,2026-09-11T00:00:00,100,Boilermakers & Welders Crew,Day shift,"{""id"":""E1050"",""name"":""Anya Murphy""}",Coded Welder,Boilermakers & Welders,5/2 Residential,Day
Swing 2 - Day shift,2026-09-14T00:00:00,2026-09-18T00:00:00,60,Boilermakers & Welders Crew,Day shift,"{""id"":""E1050"",""name"":""Anya Murphy""}",Coded Welder,Boilermakers & Welders,5/2 Residential,Day
Swing 3 - Day shift,2026-09-21T00:00:00,2026-09-25T00:00:00,0,Boilermakers & Welders Crew,Day shift,"{""id"":""E1050"",""name"":""Anya Murphy""}",Coded Welder,Boilermakers & Welders,5/2 Residential,Day
Swing 4 - Day shift,2026-09-28T00:00:00,2026-10-02T00:00:00,0,Boilermakers & Welders Crew,Day shift,"{""id"":""E1050"",""name"":""Anya Murphy""}",Coded Welder,Boilermakers & Welders,5/2 Residential,Day
Swing 5 - Day shift,2026-10-05T00:00:00,2026-10-09T00:00:00,0,Boilermakers & Welders Crew,Day shift,"{""id"":""E1050"",""name"":""Anya Murphy""}",Coded Welder,Boilermakers & Welders,5/2 Residential,Day
Swing 6 - Day shift,2026-10-12T00:00:00,2026-10-16T00:00:00,0,Boilermakers & Welders Crew,Day shift,"{""id"":""E1050"",""name"":""Anya Murphy""}",Coded Welder,Boilermakers & Welders,5/2 Residential,Day
Swing 7 - Day shift,2026-10-19T00:00:00,2026-10-23T00:00:00,0,Boilermakers & Welders Crew,Day shift,"{""id"":""E1050"",""name"":""Anya Murphy""}",Coded Welder,Boilermakers & Welders,5/2 Residential,Day
Swing 8 - Day shift,2026-10-26T00:00:00,2026-10-30T00:00:00,0,Boilermakers & Welders Crew,Day shift,"{""id"":""E1050"",""name"":""Anya Murphy""}",Coded Welder,Boilermakers & Welders,5/2 Residential,Day
Roster change,2026-11-11T00:00:00,2026-11-11T00:00:00,0,Boilermakers & Welders Crew,Induction,"{""id"":""E1050"",""name"":""Anya Murphy""}",Coded Welder,Boilermakers & Welders,14/14 FIFO,
Swing 9 - Day shift,2026-11-12T00:00:00,2026-11-25T00:00:00,0,Boilermakers & Welders Crew,Day shift,"{""id"":""E1050"",""name"":""Anya Murphy""}",Coded Welder,Boilermakers & Welders,14/14 FIFO,Day
Swing 10 - Night shift,2026-12-10T00:00:00,2026-12-23T00:00:00,0,Boilermakers & Welders Crew,Night shift,"{""id"":""E1050"",""name"":""Anya Murphy""}",Coded Welder,Boilermakers & Welders,14/14 FIFO,Night
Swing 11 - Day shift,2027-01-07T00:00:00,2027-01-20T00:00:00,0,Boilermakers & Welders Crew,Day shift,"{""id"":""E1050"",""name"":""Anya Murphy""}",Coded Welder,Boilermakers & Welders,14/14 FIFO,Day
Swing 12 - Night shift,2027-02-04T00:00:00,2027-02-17T00:00:00,0,Boilermakers & Welders Crew,Night shift,"{""id"":""E1050"",""name"":""Anya Murphy""}",Coded Welder,Boilermakers & Welders,14/14 FIFO,Night
Swing 13 - Day shift,2027-03-04T00:00:00,2027-03-15T00:00:00,0,Boilermakers & Welders Crew,Day shift,"{""id"":""E1050"",""name"":""Anya Murphy""}",Coded Welder,Boilermakers & Welders,14/14 FIFO,Day
Swing 1 - Night shift,2026-09-08T00:00:00,2026-09-15T00:00:00,100,Boilermakers & Welders Crew,Night shift,"{""id"":""E1051"",""name"":""William Davis""}",Welder,Boilermakers & Welders,8/6 FIFO,Night
Swing 2 - Day shift,2026-09-22T00:00:00,2026-09-29T00:00:00,0,Boilermakers & Welders Crew,Day shift,"{""id"":""E1051"",""name"":""William Davis""}",Welder,Boilermakers & Welders,8/6 FIFO,Day
Swing 3 - Night shift,2026-10-06T00:00:00,2026-10-13T00:00:00,0,Boilermakers & Welders Crew,Night shift,"{""id"":""E1051"",""name"":""William Davis""}",Welder,Boilermakers & Welders,8/6 FIFO,Night
Swing 4 - Day shift,2026-10-20T00:00:00,2026-10-27T00:00:00,0,Boilermakers & Welders Crew,Day shift,"{""id"":""E1051"",""name"":""William Davis""}",Welder,Boilermakers & Welders,8/6 FIFO,Day
Swing 5 - Night shift,2026-11-03T00:00:00,2026-11-06T00:00:00,0,Boilermakers & Welders Crew,Night shift,"{""id"":""E1051"",""name"":""William Davis""}",Welder,Boilermakers & Welders,8/6 FIFO,Night
Roster change,2026-11-16T00:00:00,2026-11-16T00:00:00,0,Boilermakers & Welders Crew,Induction,"{""id"":""E1051"",""name"":""William Davis""}",Welder,Boilermakers & Welders,21/7 FIFO,
Swing 6 - Day shift,2026-11-17T00:00:00,2026-12-07T00:00:00,0,Boilermakers & Welders Crew,Day shift,"{""id"":""E1051"",""name"":""William Davis""}",Welder,Boilermakers & Welders,21/7 FIFO,Day
Swing 7 - Night shift,2026-12-15T00:00:00,2027-01-04T00:00:00,0,Boilermakers & Welders Crew,Night shift,"{""id"":""E1051"",""name"":""William Davis""}",Welder,Boilermakers & Welders,21/7 FIFO,Night
Swing 8 - Day shift,2027-01-12T00:00:00,2027-02-01T00:00:00,0,Boilermakers & Welders Crew,Day shift,"{""id"":""E1051"",""name"":""William Davis""}",Welder,Boilermakers & Welders,21/7 FIFO,Day
Swing 9 - Night shift,2027-02-09T00:00:00,2027-03-01T00:00:00,0,Boilermakers & Welders Crew,Night shift,"{""id"":""E1051"",""name"":""William Davis""}",Welder,Boilermakers & Welders,21/7 FIFO,Night
Swing 10 - Day shift,2027-03-09T00:00:00,2027-03-15T00:00:00,0,Boilermakers & Welders Crew,Day shift,"{""id"":""E1051"",""name"":""William Davis""}",Welder,Boilermakers & Welders,21/7 FIFO,Day
Swing 1 - Day shift,2026-09-05T00:00:00,2026-09-11T00:00:00,100,Boilermakers & Welders Crew,Day shift,"{""id"":""E1052"",""name"":""Charlotte Wood""}",Coded Welder,Boilermakers & Welders,7/7 DIDO,Day
Swing 2 - Night shift,2026-09-19T00:00:00,2026-09-25T00:00:00,0,Boilermakers & Welders Crew,Night shift,"{""id"":""E1052"",""name"":""Charlotte Wood""}",Coded Welder,Boilermakers & Welders,7/7 DIDO,Night
Swing 3 - Day shift,2026-10-03T00:00:00,2026-10-09T00:00:00,0,Boilermakers & Welders Crew,Day shift,"{""id"":""E1052"",""name"":""Charlotte Wood""}",Coded Welder,Boilermakers & Welders,7/7 DIDO,Day
Swing 4 - Night shift,2026-10-17T00:00:00,2026-10-23T00:00:00,0,Boilermakers & Welders Crew,Night shift,"{""id"":""E1052"",""name"":""Charlotte Wood""}",Coded Welder,Boilermakers & Welders,7/7 DIDO,Night
Swing 5 - Day shift,2026-10-31T00:00:00,2026-11-06T00:00:00,0,Boilermakers & Welders Crew,Day shift,"{""id"":""E1052"",""name"":""Charlotte Wood""}",Coded Welder,Boilermakers & Welders,7/7 DIDO,Day
Swing 6 - Night shift,2026-11-14T00:00:00,2026-11-20T00:00:00,0,Boilermakers & Welders Crew,Night shift,"{""id"":""E1052"",""name"":""Charlotte Wood""}",Coded Welder,Boilermakers & Welders,7/7 DIDO,Night
Swing 7 - Day shift,2026-11-28T00:00:00,2026-12-04T00:00:00,0,Boilermakers & Welders Crew,Day shift,"{""id"":""E1052"",""name"":""Charlotte Wood""}",Coded Welder,Boilermakers & Welders,7/7 DIDO,Day
Swing 8 - Night shift,2026-12-12T00:00:00,2026-12-18T00:00:00,0,Boilermakers & Welders Crew,Night shift,"{""id"":""E1052"",""name"":""Charlotte Wood""}",Coded Welder,Boilermakers & Welders,7/7 DIDO,Night
Swing 9 - Day shift,2026-12-26T00:00:00,2027-01-01T00:00:00,0,Boilermakers & Welders Crew,Day shift,"{""id"":""E1052"",""name"":""Charlotte Wood""}",Coded Welder,Boilermakers & Welders,7/7 DIDO,Day
Swing 10 - Night shift,2027-01-09T00:00:00,2027-01-15T00:00:00,0,Boilermakers & Welders Crew,Night shift,"{""id"":""E1052"",""name"":""Charlotte Wood""}",Coded Welder,Boilermakers & Welders,7/7 DIDO,Night
Swing 11 - Day shift,2027-01-23T00:00:00,2027-01-29T00:00:00,0,Boilermakers & Welders Crew,Day shift,"{""id"":""E1052"",""name"":""Charlotte Wood""}",Coded Welder,Boilermakers & Welders,7/7 DIDO,Day
Swing 12 - Night shift,2027-02-06T00:00:00,2027-02-12T00:00:00,0,Boilermakers & Welders Crew,Night shift,"{""id"":""E1052"",""name"":""Charlotte Wood""}",Coded Welder,Boilermakers & Welders,7/7 DIDO,Night
Swing 13 - Day shift,2027-02-20T00:00:00,2027-02-26T00:00:00,0,Boilermakers & Welders Crew,Day shift,"{""id"":""E1052"",""name"":""Charlotte Wood""}",Coded Welder,Boilermakers & Welders,7/7 DIDO,Day
Swing 14 - Night shift,2027-03-06T00:00:00,2027-03-12T00:00:00,0,Boilermakers & Welders Crew,Night shift,"{""id"":""E1052"",""name"":""Charlotte Wood""}",Coded Welder,Boilermakers & Welders,7/7 DIDO,Night
Swing 1 - Day shift,2026-09-02T00:00:00,2026-09-19T00:00:00,83,Boilermakers & Welders Crew,Day shift,"{""id"":""E1053"",""name"":""Sophie Fernandes""}",Leading Hand Boilermaker,Boilermakers & Welders,21/7 FIFO,Day
Swing 2 - Night shift,2026-09-27T00:00:00,2026-10-17T00:00:00,0,Boilermakers & Welders Crew,Night shift,"{""id"":""E1053"",""name"":""Sophie Fernandes""}",Leading Hand Boilermaker,Boilermakers & Welders,21/7 FIFO,Night
Swing 3 - Day shift,2026-10-25T00:00:00,2026-11-14T00:00:00,0,Boilermakers & Welders Crew,Day shift,"{""id"":""E1053"",""name"":""Sophie Fernandes""}",Leading Hand Boilermaker,Boilermakers & Welders,21/7 FIFO,Day
Swing 4 - Night shift,2026-11-22T00:00:00,2026-12-12T00:00:00,0,Boilermakers & Welders Crew,Night shift,"{""id"":""E1053"",""name"":""Sophie Fernandes""}",Leading Hand Boilermaker,Boilermakers & Welders,21/7 FIFO,Night
Swing 5 - Day shift,2026-12-20T00:00:00,2027-01-09T00:00:00,0,Boilermakers & Welders Crew,Day shift,"{""id"":""E1053"",""name"":""Sophie Fernandes""}",Leading Hand Boilermaker,Boilermakers & Welders,21/7 FIFO,Day
Swing 6 - Night shift,2027-01-17T00:00:00,2027-02-06T00:00:00,0,Boilermakers & Welders Crew,Night shift,"{""id"":""E1053"",""name"":""Sophie Fernandes""}",Leading Hand Boilermaker,Boilermakers & Welders,21/7 FIFO,Night
Swing 7 - Day shift,2027-02-14T00:00:00,2027-03-06T00:00:00,0,Boilermakers & Welders Crew,Day shift,"{""id"":""E1053"",""name"":""Sophie Fernandes""}",Leading Hand Boilermaker,Boilermakers & Welders,21/7 FIFO,Day
Swing 8 - Night shift,2027-03-14T00:00:00,2027-03-15T00:00:00,0,Boilermakers & Welders Crew,Night shift,"{""id"":""E1053"",""name"":""Sophie Fernandes""}",Leading Hand Boilermaker,Boilermakers & Welders,21/7 FIFO,Night
Swing 1 - Day shift,2026-09-07T00:00:00,2026-09-11T00:00:00,100,Boilermakers & Welders Crew,Day shift,"{""id"":""E1054"",""name"":""Arjun Smith""}",Welder,Boilermakers & Welders,5/2 Residential,Day
Swing 2 - Day shift,2026-09-14T00:00:00,2026-09-18T00:00:00,60,Boilermakers & Welders Crew,Day shift,"{""id"":""E1054"",""name"":""Arjun Smith""}",Welder,Boilermakers & Welders,5/2 Residential,Day
Swing 3 - Day shift,2026-09-21T00:00:00,2026-09-25T00:00:00,0,Boilermakers & Welders Crew,Day shift,"{""id"":""E1054"",""name"":""Arjun Smith""}",Welder,Boilermakers & Welders,5/2 Residential,Day
Swing 4 - Day shift,2026-09-28T00:00:00,2026-10-02T00:00:00,0,Boilermakers & Welders Crew,Day shift,"{""id"":""E1054"",""name"":""Arjun Smith""}",Welder,Boilermakers & Welders,5/2 Residential,Day
Swing 5 - Day shift,2026-10-05T00:00:00,2026-10-09T00:00:00,0,Boilermakers & Welders Crew,Day shift,"{""id"":""E1054"",""name"":""Arjun Smith""}",Welder,Boilermakers & Welders,5/2 Residential,Day
Swing 6 - Day shift,2026-10-12T00:00:00,2026-10-16T00:00:00,0,Boilermakers & Welders Crew,Day shift,"{""id"":""E1054"",""name"":""Arjun Smith""}",Welder,Boilermakers & Welders,5/2 Residential,Day
Swing 7 - Day shift,2026-10-19T00:00:00,2026-10-23T00:00:00,0,Boilermakers & Welders Crew,Day shift,"{""id"":""E1054"",""name"":""Arjun Smith""}",Welder,Boilermakers & Welders,5/2 Residential,Day
Swing 8 - Day shift,2026-10-26T00:00:00,2026-10-30T00:00:00,0,Boilermakers & Welders Crew,Day shift,"{""id"":""E1054"",""name"":""Arjun Smith""}",Welder,Boilermakers & Welders,5/2 Residential,Day
Swing 9 - Day shift,2026-11-02T00:00:00,2026-11-06T00:00:00,0,Boilermakers & Welders Crew,Day shift,"{""id"":""E1054"",""name"":""Arjun Smith""}",Welder,Boilermakers & Welders,5/2 Residential,Day
Swing 10 - Day shift,2026-11-09T00:00:00,2026-11-13T00:00:00,0,Boilermakers & Welders Crew,Day shift,"{""id"":""E1054"",""name"":""Arjun Smith""}",Welder,Boilermakers & Welders,5/2 Residential,Day
Swing 11 - Day shift,2026-11-16T00:00:00,2026-11-20T00:00:00,0,Boilermakers & Welders Crew,Day shift,"{""id"":""E1054"",""name"":""Arjun Smith""}",Welder,Boilermakers & Welders,5/2 Residential,Day
Swing 12 - Day shift,2026-11-23T00:00:00,2026-11-27T00:00:00,0,Boilermakers & Welders Crew,Day shift,"{""id"":""E1054"",""name"":""Arjun Smith""}",Welder,Boilermakers & Welders,5/2 Residential,Day
Swing 13 - Day shift,2026-11-30T00:00:00,2026-12-04T00:00:00,0,Boilermakers & Welders Crew,Day shift,"{""id"":""E1054"",""name"":""Arjun Smith""}",Welder,Boilermakers & Welders,5/2 Residential,Day
Swing 14 - Day shift,2026-12-07T00:00:00,2026-12-11T00:00:00,0,Boilermakers & Welders Crew,Day shift,"{""id"":""E1054"",""name"":""Arjun Smith""}",Welder,Boilermakers & Welders,5/2 Residential,Day
Swing 15 - Day shift,2026-12-14T00:00:00,2026-12-18T00:00:00,0,Boilermakers & Welders Crew,Day shift,"{""id"":""E1054"",""name"":""Arjun Smith""}",Welder,Boilermakers & Welders,5/2 Residential,Day
Swing 16 - Day shift,2026-12-21T00:00:00,2026-12-25T00:00:00,0,Boilermakers & Welders Crew,Day shift,"{""id"":""E1054"",""name"":""Arjun Smith""}",Welder,Boilermakers & Welders,5/2 Residential,Day
Swing 17 - Day shift,2026-12-28T00:00:00,2027-01-01T00:00:00,0,Boilermakers & Welders Crew,Day shift,"{""id"":""E1054"",""name"":""Arjun Smith""}",Welder,Boilermakers & Welders,5/2 Residential,Day
Swing 18 - Day shift,2027-01-04T00:00:00,2027-01-08T00:00:00,0,Boilermakers & Welders Crew,Day shift,"{""id"":""E1054"",""name"":""Arjun Smith""}",Welder,Boilermakers & Welders,5/2 Residential,Day
Swing 19 - Day shift,2027-01-11T00:00:00,2027-01-15T00:00:00,0,Boilermakers & Welders Crew,Day shift,"{""id"":""E1054"",""name"":""Arjun Smith""}",Welder,Boilermakers & Welders,5/2 Residential,Day
Swing 20 - Day shift,2027-01-18T00:00:00,2027-01-22T00:00:00,0,Boilermakers & Welders Crew,Day shift,"{""id"":""E1054"",""name"":""Arjun Smith""}",Welder,Boilermakers & Welders,5/2 Residential,Day
Swing 21 - Day shift,2027-01-25T00:00:00,2027-01-29T00:00:00,0,Boilermakers & Welders Crew,Day shift,"{""id"":""E1054"",""name"":""Arjun Smith""}",Welder,Boilermakers & Welders,5/2 Residential,Day
Swing 22 - Day shift,2027-02-01T00:00:00,2027-02-05T00:00:00,0,Boilermakers & Welders Crew,Day shift,"{""id"":""E1054"",""name"":""Arjun Smith""}",Welder,Boilermakers & Welders,5/2 Residential,Day
Swing 23 - Day shift,2027-02-08T00:00:00,2027-02-12T00:00:00,0,Boilermakers & Welders Crew,Day shift,"{""id"":""E1054"",""name"":""Arjun Smith""}",Welder,Boilermakers & Welders,5/2 Residential,Day
Swing 24 - Day shift,2027-02-15T00:00:00,2027-02-19T00:00:00,0,Boilermakers & Welders Crew,Day shift,"{""id"":""E1054"",""name"":""Arjun Smith""}",Welder,Boilermakers & Welders,5/2 Residential,Day
Swing 25 - Day shift,2027-02-22T00:00:00,2027-02-26T00:00:00,0,Boilermakers & Welders Crew,Day shift,"{""id"":""E1054"",""name"":""Arjun Smith""}",Welder,Boilermakers & Welders,5/2 Residential,Day
Swing 26 - Day shift,2027-03-01T00:00:00,2027-03-05T00:00:00,0,Boilermakers & Welders Crew,Day shift,"{""id"":""E1054"",""name"":""Arjun Smith""}",Welder,Boilermakers & Welders,5/2 Residential,Day
Swing 27 - Day shift,2027-03-08T00:00:00,2027-03-12T00:00:00,0,Boilermakers & Welders Crew,Day shift,"{""id"":""E1054"",""name"":""Arjun Smith""}",Welder,Boilermakers & Welders,5/2 Residential,Day
Swing 28 - Day shift,2027-03-15T00:00:00,2027-03-15T00:00:00,0,Boilermakers & Welders Crew,Day shift,"{""id"":""E1054"",""name"":""Arjun Smith""}",Welder,Boilermakers & Welders,5/2 Residential,Day
Sick leave,2027-03-09T00:00:00,2027-03-11T00:00:00,0,Boilermakers & Welders Crew,Leave,"{""id"":""E1054"",""name"":""Arjun Smith""}",Welder,Boilermakers & Welders,5/2 Residential,
Swing 1 - Day shift,2026-09-02T00:00:00,2026-09-05T00:00:00,100,Boilermakers & Welders Crew,Day shift,"{""id"":""E1055"",""name"":""Amara Smith""}",Boilermaker,Boilermakers & Welders,14/14 FIFO,Day
Swing 2 - Night shift,2026-09-20T00:00:00,2026-10-03T00:00:00,0,Boilermakers & Welders Crew,Night shift,"{""id"":""E1055"",""name"":""Amara Smith""}",Boilermaker,Boilermakers & Welders,14/14 FIFO,Night
Annual leave,2026-10-18T00:00:00,2026-10-31T00:00:00,0,Boilermakers & Welders Crew,Leave,"{""id"":""E1055"",""name"":""Amara Smith""}",Boilermaker,Boilermakers & Welders,14/14 FIFO,
Swing 4 - Day shift,2026-11-15T00:00:00,2026-11-28T00:00:00,0,Boilermakers & Welders Crew,Day shift,"{""id"":""E1055"",""name"":""Amara Smith""}",Boilermaker,Boilermakers & Welders,14/14 FIFO,Day
Swing 5 - Night shift,2026-12-13T00:00:00,2026-12-26T00:00:00,0,Boilermakers & Welders Crew,Night shift,"{""id"":""E1055"",""name"":""Amara Smith""}",Boilermaker,Boilermakers & Welders,14/14 FIFO,Night
Swing 6 - Day shift,2027-01-10T00:00:00,2027-01-23T00:00:00,0,Boilermakers & Welders Crew,Day shift,"{""id"":""E1055"",""name"":""Amara Smith""}",Boilermaker,Boilermakers & Welders,14/14 FIFO,Day
Swing 7 - Night shift,2027-02-07T00:00:00,2027-02-20T00:00:00,0,Boilermakers & Welders Crew,Night shift,"{""id"":""E1055"",""name"":""Amara Smith""}",Boilermaker,Boilermakers & Welders,14/14 FIFO,Night
Swing 8 - Day shift,2027-03-07T00:00:00,2027-03-15T00:00:00,0,Boilermakers & Welders Crew,Day shift,"{""id"":""E1055"",""name"":""Amara Smith""}",Boilermaker,Boilermakers & Welders,14/14 FIFO,Day
Sick leave,2027-03-11T00:00:00,2027-03-13T00:00:00,0,Boilermakers & Welders Crew,Leave,"{""id"":""E1055"",""name"":""Amara Smith""}",Boilermaker,Boilermakers & Welders,14/14 FIFO,
Swing 1 - Day shift,2026-09-03T00:00:00,2026-09-16T00:00:00,100,Boilermakers & Welders Crew,Day shift,"{""id"":""E1056"",""name"":""Siobhan Smith""}",Coded Welder,Boilermakers & Welders,14/14 FIFO,Day
Swing 2 - Night shift,2026-10-01T00:00:00,2026-10-14T00:00:00,0,Boilermakers & Welders Crew,Night shift,"{""id"":""E1056"",""name"":""Siobhan Smith""}",Coded Welder,Boilermakers & Welders,14/14 FIFO,Night
Swing 3 - Day shift,2026-10-29T00:00:00,2026-11-11T00:00:00,0,Boilermakers & Welders Crew,Day shift,"{""id"":""E1056"",""name"":""Siobhan Smith""}",Coded Welder,Boilermakers & Welders,14/14 FIFO,Day
Swing 4 - Night shift,2026-11-26T00:00:00,2026-12-09T00:00:00,0,Boilermakers & Welders Crew,Night shift,"{""id"":""E1056"",""name"":""Siobhan Smith""}",Coded Welder,Boilermakers & Welders,14/14 FIFO,Night
Swing 5 - Day shift,2026-12-24T00:00:00,2027-01-06T00:00:00,0,Boilermakers & Welders Crew,Day shift,"{""id"":""E1056"",""name"":""Siobhan Smith""}",Coded Welder,Boilermakers & Welders,14/14 FIFO,Day
Swing 6 - Night shift,2027-01-21T00:00:00,2027-02-03T00:00:00,0,Boilermakers & Welders Crew,Night shift,"{""id"":""E1056"",""name"":""Siobhan Smith""}",Coded Welder,Boilermakers & Welders,14/14 FIFO,Night
Swing 7 - Day shift,2027-02-18T00:00:00,2027-03-03T00:00:00,0,Boilermakers & Welders Crew,Day shift,"{""id"":""E1056"",""name"":""Siobhan Smith""}",Coded Welder,Boilermakers & Welders,14/14 FIFO,Day
Sick leave,2026-10-07T00:00:00,2026-10-09T00:00:00,0,Boilermakers & Welders Crew,Leave,"{""id"":""E1056"",""name"":""Siobhan Smith""}",Coded Welder,Boilermakers & Welders,14/14 FIFO,
Annual leave,2027-01-28T00:00:00,2027-02-06T00:00:00,0,Boilermakers & Welders Crew,Leave,"{""id"":""E1056"",""name"":""Siobhan Smith""}",Coded Welder,Boilermakers & Welders,14/14 FIFO,
Swing 1 - Night shift,2026-09-07T00:00:00,2026-09-11T00:00:00,100,Boilermakers & Welders Crew,Night shift,"{""id"":""E1057"",""name"":""William Jackson""}",Coded Welder,Boilermakers & Welders,5/2 Residential,Night
Swing 2 - Night shift,2026-09-14T00:00:00,2026-09-18T00:00:00,60,Boilermakers & Welders Crew,Night shift,"{""id"":""E1057"",""name"":""William Jackson""}",Coded Welder,Boilermakers & Welders,5/2 Residential,Night
Swing 3 - Night shift,2026-09-21T00:00:00,2026-09-25T00:00:00,0,Boilermakers & Welders Crew,Night shift,"{""id"":""E1057"",""name"":""William Jackson""}",Coded Welder,Boilermakers & Welders,5/2 Residential,Night
Swing 4 - Night shift,2026-09-28T00:00:00,2026-10-02T00:00:00,0,Boilermakers & Welders Crew,Night shift,"{""id"":""E1057"",""name"":""William Jackson""}",Coded Welder,Boilermakers & Welders,5/2 Residential,Night
Swing 5 - Night shift,2026-10-05T00:00:00,2026-10-09T00:00:00,0,Boilermakers & Welders Crew,Night shift,"{""id"":""E1057"",""name"":""William Jackson""}",Coded Welder,Boilermakers & Welders,5/2 Residential,Night
Swing 6 - Night shift,2026-10-12T00:00:00,2026-10-16T00:00:00,0,Boilermakers & Welders Crew,Night shift,"{""id"":""E1057"",""name"":""William Jackson""}",Coded Welder,Boilermakers & Welders,5/2 Residential,Night
Swing 7 - Night shift,2026-10-19T00:00:00,2026-10-23T00:00:00,0,Boilermakers & Welders Crew,Night shift,"{""id"":""E1057"",""name"":""William Jackson""}",Coded Welder,Boilermakers & Welders,5/2 Residential,Night
Swing 8 - Night shift,2026-10-26T00:00:00,2026-10-30T00:00:00,0,Boilermakers & Welders Crew,Night shift,"{""id"":""E1057"",""name"":""William Jackson""}",Coded Welder,Boilermakers & Welders,5/2 Residential,Night
Swing 9 - Night shift,2026-11-02T00:00:00,2026-11-06T00:00:00,0,Boilermakers & Welders Crew,Night shift,"{""id"":""E1057"",""name"":""William Jackson""}",Coded Welder,Boilermakers & Welders,5/2 Residential,Night
Roster change,2026-11-26T00:00:00,2026-11-26T00:00:00,0,Boilermakers & Welders Crew,Induction,"{""id"":""E1057"",""name"":""William Jackson""}",Coded Welder,Boilermakers & Welders,8/6 FIFO,
Swing 10 - Night shift,2026-11-27T00:00:00,2026-12-04T00:00:00,0,Boilermakers & Welders Crew,Night shift,"{""id"":""E1057"",""name"":""William Jackson""}",Coded Welder,Boilermakers & Welders,8/6 FIFO,Night
Swing 11 - Day shift,2026-12-11T00:00:00,2026-12-18T00:00:00,0,Boilermakers & Welders Crew,Day shift,"{""id"":""E1057"",""name"":""William Jackson""}",Coded Welder,Boilermakers & Welders,8/6 FIFO,Day
Swing 12 - Night shift,2026-12-25T00:00:00,2027-01-01T00:00:00,0,Boilermakers & Welders Crew,Night shift,"{""id"":""E1057"",""name"":""William Jackson""}",Coded Welder,Boilermakers & Welders,8/6 FIFO,Night
Swing 13 - Day shift,2027-01-08T00:00:00,2027-01-15T00:00:00,0,Boilermakers & Welders Crew,Day shift,"{""id"":""E1057"",""name"":""William Jackson""}",Coded Welder,Boilermakers & Welders,8/6 FIFO,Day
Swing 14 - Night shift,2027-01-22T00:00:00,2027-01-29T00:00:00,0,Boilermakers & Welders Crew,Night shift,"{""id"":""E1057"",""name"":""William Jackson""}",Coded Welder,Boilermakers & Welders,8/6 FIFO,Night
Swing 15 - Day shift,2027-02-05T00:00:00,2027-02-12T00:00:00,0,Boilermakers & Welders Crew,Day shift,"{""id"":""E1057"",""name"":""William Jackson""}",Coded Welder,Boilermakers & Welders,8/6 FIFO,Day
Swing 16 - Night shift,2027-02-19T00:00:00,2027-02-26T00:00:00,0,Boilermakers & Welders Crew,Night shift,"{""id"":""E1057"",""name"":""William Jackson""}",Coded Welder,Boilermakers & Welders,8/6 FIFO,Night
Swing 17 - Day shift,2027-03-05T00:00:00,2027-03-12T00:00:00,0,Boilermakers & Welders Crew,Day shift,"{""id"":""E1057"",""name"":""William Jackson""}",Coded Welder,Boilermakers & Welders,8/6 FIFO,Day
Site induction,2026-12-09T00:00:00,2026-12-09T00:00:00,0,Boilermakers & Welders Crew,Induction,"{""id"":""E1058"",""name"":""Ava Ryan""}",Welder,Boilermakers & Welders,14/14 FIFO,
Swing 1 - Day shift,2026-12-10T00:00:00,2026-12-23T00:00:00,0,Boilermakers & Welders Crew,Day shift,"{""id"":""E1058"",""name"":""Ava Ryan""}",Welder,Boilermakers & Welders,14/14 FIFO,Day
Swing 2 - Night shift,2027-01-07T00:00:00,2027-01-20T00:00:00,0,Boilermakers & Welders Crew,Night shift,"{""id"":""E1058"",""name"":""Ava Ryan""}",Welder,Boilermakers & Welders,14/14 FIFO,Night
Swing 3 - Day shift,2027-02-04T00:00:00,2027-02-17T00:00:00,0,Boilermakers & Welders Crew,Day shift,"{""id"":""E1058"",""name"":""Ava Ryan""}",Welder,Boilermakers & Welders,14/14 FIFO,Day
Swing 4 - Night shift,2027-03-04T00:00:00,2027-03-15T00:00:00,0,Boilermakers & Welders Crew,Night shift,"{""id"":""E1058"",""name"":""Ava Ryan""}",Welder,Boilermakers & Welders,14/14 FIFO,Night
Site induction,2026-12-11T00:00:00,2026-12-11T00:00:00,0,Boilermakers & Welders Crew,Induction,"{""id"":""E1059"",""name"":""Mia Jones""}",Welder,Boilermakers & Welders,8/6 FIFO,
Swing 1 - Day shift,2026-12-12T00:00:00,2026-12-19T00:00:00,0,Boilermakers & Welders Crew,Day shift,"{""id"":""E1059"",""name"":""Mia Jones""}",Welder,Boilermakers & Welders,8/6 FIFO,Day
Swing 2 - Night shift,2026-12-26T00:00:00,2027-01-02T00:00:00,0,Boilermakers & Welders Crew,Night shift,"{""id"":""E1059"",""name"":""Mia Jones""}",Welder,Boilermakers & Welders,8/6 FIFO,Night
Swing 3 - Day shift,2027-01-09T00:00:00,2027-01-16T00:00:00,0,Boilermakers & Welders Crew,Day shift,"{""id"":""E1059"",""name"":""Mia Jones""}",Welder,Boilermakers & Welders,8/6 FIFO,Day
Swing 4 - Night shift,2027-01-23T00:00:00,2027-01-30T00:00:00,0,Boilermakers & Welders Crew,Night shift,"{""id"":""E1059"",""name"":""Mia Jones""}",Welder,Boilermakers & Welders,8/6 FIFO,Night
Swing 5 - Day shift,2027-02-06T00:00:00,2027-02-13T00:00:00,0,Boilermakers & Welders Crew,Day shift,"{""id"":""E1059"",""name"":""Mia Jones""}",Welder,Boilermakers & Welders,8/6 FIFO,Day
Swing 6 - Night shift,2027-02-20T00:00:00,2027-02-27T00:00:00,0,Boilermakers & Welders Crew,Night shift,"{""id"":""E1059"",""name"":""Mia Jones""}",Welder,Boilermakers & Welders,8/6 FIFO,Night
Swing 7 - Day shift,2027-03-06T00:00:00,2027-03-13T00:00:00,0,Boilermakers & Welders Crew,Day shift,"{""id"":""E1059"",""name"":""Mia Jones""}",Welder,Boilermakers & Welders,8/6 FIFO,Day
Swing 1 - Day shift,2026-09-02T00:00:00,2026-09-05T00:00:00,100,Boilermakers & Welders Crew,Day shift,"{""id"":""E1060"",""name"":""Ruby King""}",Boilermaker,Boilermakers & Welders,8/6 FIFO,Day
Swing 2 - Night shift,2026-09-12T00:00:00,2026-09-19T00:00:00,63,Boilermakers & Welders Crew,Night shift,"{""id"":""E1060"",""name"":""Ruby King""}",Boilermaker,Boilermakers & Welders,8/6 FIFO,Night
Swing 3 - Day shift,2026-09-26T00:00:00,2026-10-03T00:00:00,0,Boilermakers & Welders Crew,Day shift,"{""id"":""E1060"",""name"":""Ruby King""}",Boilermaker,Boilermakers & Welders,8/6 FIFO,Day
Swing 4 - Night shift,2026-10-10T00:00:00,2026-10-17T00:00:00,0,Boilermakers & Welders Crew,Night shift,"{""id"":""E1060"",""name"":""Ruby King""}",Boilermaker,Boilermakers & Welders,8/6 FIFO,Night
Swing 5 - Day shift,2026-10-24T00:00:00,2026-10-31T00:00:00,0,Boilermakers & Welders Crew,Day shift,"{""id"":""E1060"",""name"":""Ruby King""}",Boilermaker,Boilermakers & Welders,8/6 FIFO,Day
Annual leave,2026-11-07T00:00:00,2026-11-14T00:00:00,0,Boilermakers & Welders Crew,Leave,"{""id"":""E1060"",""name"":""Ruby King""}",Boilermaker,Boilermakers & Welders,8/6 FIFO,
Swing 7 - Night shift,2026-11-21T00:00:00,2026-11-28T00:00:00,0,Boilermakers & Welders Crew,Night shift,"{""id"":""E1060"",""name"":""Ruby King""}",Boilermaker,Boilermakers & Welders,8/6 FIFO,Night
Swing 8 - Day shift,2026-12-05T00:00:00,2026-12-12T00:00:00,0,Boilermakers & Welders Crew,Day shift,"{""id"":""E1060"",""name"":""Ruby King""}",Boilermaker,Boilermakers & Welders,8/6 FIFO,Day
Swing 9 - Night shift,2026-12-19T00:00:00,2026-12-26T00:00:00,0,Boilermakers & Welders Crew,Night shift,"{""id"":""E1060"",""name"":""Ruby King""}",Boilermaker,Boilermakers & Welders,8/6 FIFO,Night
Roster change,2027-01-12T00:00:00,2027-01-12T00:00:00,0,Boilermakers & Welders Crew,Induction,"{""id"":""E1060"",""name"":""Ruby King""}",Boilermaker,Boilermakers & Welders,5/2 Residential,
Swing 10 - Day shift,2027-01-18T00:00:00,2027-01-22T00:00:00,0,Boilermakers & Welders Crew,Day shift,"{""id"":""E1060"",""name"":""Ruby King""}",Boilermaker,Boilermakers & Welders,5/2 Residential,Day
Swing 11 - Day shift,2027-01-25T00:00:00,2027-01-29T00:00:00,0,Boilermakers & Welders Crew,Day shift,"{""id"":""E1060"",""name"":""Ruby King""}",Boilermaker,Boilermakers & Welders,5/2 Residential,Day
Swing 12 - Day shift,2027-02-01T00:00:00,2027-02-05T00:00:00,0,Boilermakers & Welders Crew,Day shift,"{""id"":""E1060"",""name"":""Ruby King""}",Boilermaker,Boilermakers & Welders,5/2 Residential,Day
Swing 13 - Day shift,2027-02-08T00:00:00,2027-02-12T00:00:00,0,Boilermakers & Welders Crew,Day shift,"{""id"":""E1060"",""name"":""Ruby King""}",Boilermaker,Boilermakers & Welders,5/2 Residential,Day
Swing 14 - Day shift,2027-02-15T00:00:00,2027-02-19T00:00:00,0,Boilermakers & Welders Crew,Day shift,"{""id"":""E1060"",""name"":""Ruby King""}",Boilermaker,Boilermakers & Welders,5/2 Residential,Day
Swing 15 - Day shift,2027-02-22T00:00:00,2027-02-26T00:00:00,0,Boilermakers & Welders Crew,Day shift,"{""id"":""E1060"",""name"":""Ruby King""}",Boilermaker,Boilermakers & Welders,5/2 Residential,Day
Swing 16 - Day shift,2027-03-01T00:00:00,2027-03-05T00:00:00,0,Boilermakers & Welders Crew,Day shift,"{""id"":""E1060"",""name"":""Ruby King""}",Boilermaker,Boilermakers & Welders,5/2 Residential,Day
Swing 17 - Day shift,2027-03-08T00:00:00,2027-03-12T00:00:00,0,Boilermakers & Welders Crew,Day shift,"{""id"":""E1060"",""name"":""Ruby King""}",Boilermaker,Boilermakers & Welders,5/2 Residential,Day
Swing 18 - Day shift,2027-03-15T00:00:00,2027-03-15T00:00:00,0,Boilermakers & Welders Crew,Day shift,"{""id"":""E1060"",""name"":""Ruby King""}",Boilermaker,Boilermakers & Welders,5/2 Residential,Day
Sick leave,2026-12-06T00:00:00,2026-12-08T00:00:00,0,Boilermakers & Welders Crew,Leave,"{""id"":""E1060"",""name"":""Ruby King""}",Boilermaker,Boilermakers & Welders,8/6 FIFO,
Annual leave,2027-02-24T00:00:00,2027-03-01T00:00:00,0,Boilermakers & Welders Crew,Leave,"{""id"":""E1060"",""name"":""Ruby King""}",Boilermaker,Boilermakers & Welders,5/2 Residential,
Swing 1 - Night shift,2026-09-05T00:00:00,2026-09-18T00:00:00,86,Boilermakers & Welders Crew,Night shift,"{""id"":""E1061"",""name"":""Chloe Kovac""}",Boilermaker,Boilermakers & Welders,14/14 FIFO,Night
Swing 2 - Day shift,2026-10-03T00:00:00,2026-10-16T00:00:00,0,Boilermakers & Welders Crew,Day shift,"{""id"":""E1061"",""name"":""Chloe Kovac""}",Boilermaker,Boilermakers & Welders,14/14 FIFO,Day
Swing 3 - Night shift,2026-10-31T00:00:00,2026-11-13T00:00:00,0,Boilermakers & Welders Crew,Night shift,"{""id"":""E1061"",""name"":""Chloe Kovac""}",Boilermaker,Boilermakers & Welders,14/14 FIFO,Night
Swing 4 - Day shift,2026-11-28T00:00:00,2026-12-11T00:00:00,0,Boilermakers & Welders Crew,Day shift,"{""id"":""E1061"",""name"":""Chloe Kovac""}",Boilermaker,Boilermakers & Welders,14/14 FIFO,Day
Swing 5 - Night shift,2026-12-26T00:00:00,2027-01-08T00:00:00,0,Boilermakers & Welders Crew,Night shift,"{""id"":""E1061"",""name"":""Chloe Kovac""}",Boilermaker,Boilermakers & Welders,14/14 FIFO,Night
Swing 6 - Day shift,2027-01-23T00:00:00,2027-02-05T00:00:00,0,Boilermakers & Welders Crew,Day shift,"{""id"":""E1061"",""name"":""Chloe Kovac""}",Boilermaker,Boilermakers & Welders,14/14 FIFO,Day
Swing 7 - Night shift,2027-02-20T00:00:00,2027-03-05T00:00:00,0,Boilermakers & Welders Crew,Night shift,"{""id"":""E1061"",""name"":""Chloe Kovac""}",Boilermaker,Boilermakers & Welders,14/14 FIFO,Night
Sick leave,2026-10-04T00:00:00,2026-10-04T00:00:00,0,Boilermakers & Welders Crew,Leave,"{""id"":""E1061"",""name"":""Chloe Kovac""}",Boilermaker,Boilermakers & Welders,14/14 FIFO,
Swing 1 - Night shift,2026-09-02T00:00:00,2026-09-06T00:00:00,100,Boilermakers & Welders Crew,Night shift,"{""id"":""E1062"",""name"":""Mei Chen""}",Coded Welder,Boilermakers & Welders,8/6 FIFO,Night
Swing 2 - Day shift,2026-09-13T00:00:00,2026-09-20T00:00:00,50,Boilermakers & Welders Crew,Day shift,"{""id"":""E1062"",""name"":""Mei Chen""}",Coded Welder,Boilermakers & Welders,8/6 FIFO,Day
Swing 3 - Night shift,2026-09-27T00:00:00,2026-10-04T00:00:00,0,Boilermakers & Welders Crew,Night shift,"{""id"":""E1062"",""name"":""Mei Chen""}",Coded Welder,Boilermakers & Welders,8/6 FIFO,Night
Swing 4 - Day shift,2026-10-11T00:00:00,2026-10-18T00:00:00,0,Boilermakers & Welders Crew,Day shift,"{""id"":""E1062"",""name"":""Mei Chen""}",Coded Welder,Boilermakers & Welders,8/6 FIFO,Day
Swing 5 - Night shift,2026-10-25T00:00:00,2026-11-01T00:00:00,0,Boilermakers & Welders Crew,Night shift,"{""id"":""E1062"",""name"":""Mei Chen""}",Coded Welder,Boilermakers & Welders,8/6 FIFO,Night
Swing 6 - Day shift,2026-11-08T00:00:00,2026-11-15T00:00:00,0,Boilermakers & Welders Crew,Day shift,"{""id"":""E1062"",""name"":""Mei Chen""}",Coded Welder,Boilermakers & Welders,8/6 FIFO,Day
Swing 7 - Night shift,2026-11-22T00:00:00,2026-11-26T00:00:00,0,Boilermakers & Welders Crew,Night shift,"{""id"":""E1062"",""name"":""Mei Chen""}",Coded Welder,Boilermakers & Welders,8/6 FIFO,Night
Roster change,2026-12-11T00:00:00,2026-12-11T00:00:00,0,Boilermakers & Welders Crew,Induction,"{""id"":""E1062"",""name"":""Mei Chen""}",Coded Welder,Boilermakers & Welders,21/7 FIFO,
Swing 8 - Day shift,2026-12-12T00:00:00,2027-01-01T00:00:00,0,Boilermakers & Welders Crew,Day shift,"{""id"":""E1062"",""name"":""Mei Chen""}",Coded Welder,Boilermakers & Welders,21/7 FIFO,Day
Swing 9 - Night shift,2027-01-09T00:00:00,2027-01-29T00:00:00,0,Boilermakers & Welders Crew,Night shift,"{""id"":""E1062"",""name"":""Mei Chen""}",Coded Welder,Boilermakers & Welders,21/7 FIFO,Night
Swing 10 - Day shift,2027-02-06T00:00:00,2027-02-26T00:00:00,0,Boilermakers & Welders Crew,Day shift,"{""id"":""E1062"",""name"":""Mei Chen""}",Coded Welder,Boilermakers & Welders,21/7 FIFO,Day
Swing 11 - Night shift,2027-03-06T00:00:00,2027-03-15T00:00:00,0,Boilermakers & Welders Crew,Night shift,"{""id"":""E1062"",""name"":""Mei Chen""}",Coded Welder,Boilermakers & Welders,21/7 FIFO,Night
Swing 1 - Night shift,2026-09-02T00:00:00,2026-09-14T00:00:00,100,Boilermakers & Welders Crew,Night shift,"{""id"":""E1063"",""name"":""Zoe O'Brien""}",Coded Welder,Boilermakers & Welders,14/14 FIFO,Night
Swing 2 - Day shift,2026-09-29T00:00:00,2026-10-12T00:00:00,0,Boilermakers & Welders Crew,Day shift,"{""id"":""E1063"",""name"":""Zoe O'Brien""}",Coded Welder,Boilermakers & Welders,14/14 FIFO,Day
Swing 3 - Night shift,2026-10-27T00:00:00,2026-11-09T00:00:00,0,Boilermakers & Welders Crew,Night shift,"{""id"":""E1063"",""name"":""Zoe O'Brien""}",Coded Welder,Boilermakers & Welders,14/14 FIFO,Night
Swing 4 - Day shift,2026-11-24T00:00:00,2026-12-07T00:00:00,0,Boilermakers & Welders Crew,Day shift,"{""id"":""E1063"",""name"":""Zoe O'Brien""}",Coded Welder,Boilermakers & Welders,14/14 FIFO,Day
Swing 5 - Night shift,2026-12-22T00:00:00,2027-01-04T00:00:00,0,Boilermakers & Welders Crew,Night shift,"{""id"":""E1063"",""name"":""Zoe O'Brien""}",Coded Welder,Boilermakers & Welders,14/14 FIFO,Night
Swing 6 - Day shift,2027-01-19T00:00:00,2027-02-01T00:00:00,0,Boilermakers & Welders Crew,Day shift,"{""id"":""E1063"",""name"":""Zoe O'Brien""}",Coded Welder,Boilermakers & Welders,14/14 FIFO,Day
Swing 7 - Night shift,2027-02-16T00:00:00,2027-03-01T00:00:00,0,Boilermakers & Welders Crew,Night shift,"{""id"":""E1063"",""name"":""Zoe O'Brien""}",Coded Welder,Boilermakers & Welders,14/14 FIFO,Night
Swing 1 - Night shift,2026-09-02T00:00:00,2026-09-06T00:00:00,100,Boilermakers & Welders Crew,Night shift,"{""id"":""E1064"",""name"":""Hamish Brown""}",Boilermaker,Boilermakers & Welders,8/6 FIFO,Night
Swing 2 - Day shift,2026-09-13T00:00:00,2026-09-20T00:00:00,50,Boilermakers & Welders Crew,Day shift,"{""id"":""E1064"",""name"":""Hamish Brown""}",Boilermaker,Boilermakers & Welders,8/6 FIFO,Day
Swing 3 - Night shift,2026-09-27T00:00:00,2026-10-04T00:00:00,0,Boilermakers & Welders Crew,Night shift,"{""id"":""E1064"",""name"":""Hamish Brown""}",Boilermaker,Boilermakers & Welders,8/6 FIFO,Night
Swing 4 - Day shift,2026-10-11T00:00:00,2026-10-18T00:00:00,0,Boilermakers & Welders Crew,Day shift,"{""id"":""E1064"",""name"":""Hamish Brown""}",Boilermaker,Boilermakers & Welders,8/6 FIFO,Day
Annual leave,2026-10-25T00:00:00,2026-11-01T00:00:00,0,Boilermakers & Welders Crew,Leave,"{""id"":""E1064"",""name"":""Hamish Brown""}",Boilermaker,Boilermakers & Welders,8/6 FIFO,
Swing 6 - Night shift,2026-11-08T00:00:00,2026-11-15T00:00:00,0,Boilermakers & Welders Crew,Night shift,"{""id"":""E1064"",""name"":""Hamish Brown""}",Boilermaker,Boilermakers & Welders,8/6 FIFO,Night
Swing 7 - Day shift,2026-11-22T00:00:00,2026-11-22T00:00:00,0,Boilermakers & Welders Crew,Day shift,"{""id"":""E1064"",""name"":""Hamish Brown""}",Boilermaker,Boilermakers & Welders,8/6 FIFO,Day
Roster change,2026-12-06T00:00:00,2026-12-06T00:00:00,0,Boilermakers & Welders Crew,Induction,"{""id"":""E1064"",""name"":""Hamish Brown""}",Boilermaker,Boilermakers & Welders,21/7 FIFO,
Swing 8 - Night shift,2026-12-07T00:00:00,2026-12-27T00:00:00,0,Boilermakers & Welders Crew,Night shift,"{""id"":""E1064"",""name"":""Hamish Brown""}",Boilermaker,Boilermakers & Welders,21/7 FIFO,Night
Swing 9 - Day shift,2027-01-04T00:00:00,2027-01-24T00:00:00,0,Boilermakers & Welders Crew,Day shift,"{""id"":""E1064"",""name"":""Hamish Brown""}",Boilermaker,Boilermakers & Welders,21/7 FIFO,Day
Swing 10 - Night shift,2027-02-01T00:00:00,2027-02-21T00:00:00,0,Boilermakers & Welders Crew,Night shift,"{""id"":""E1064"",""name"":""Hamish Brown""}",Boilermaker,Boilermakers & Welders,21/7 FIFO,Night
Swing 11 - Day shift,2027-03-01T00:00:00,2027-03-15T00:00:00,0,Boilermakers & Welders Crew,Day shift,"{""id"":""E1064"",""name"":""Hamish Brown""}",Boilermaker,Boilermakers & Welders,21/7 FIFO,Day
Swing 1 - Day shift,2026-09-13T00:00:00,2026-09-26T00:00:00,29,Boilermakers & Welders Crew,Day shift,"{""id"":""E1065"",""name"":""Riley Chen""}",Coded Welder,Boilermakers & Welders,14/14 FIFO,Day
Swing 2 - Night shift,2026-10-11T00:00:00,2026-10-24T00:00:00,0,Boilermakers & Welders Crew,Night shift,"{""id"":""E1065"",""name"":""Riley Chen""}",Coded Welder,Boilermakers & Welders,14/14 FIFO,Night
Swing 3 - Day shift,2026-11-08T00:00:00,2026-11-21T00:00:00,0,Boilermakers & Welders Crew,Day shift,"{""id"":""E1065"",""name"":""Riley Chen""}",Coded Welder,Boilermakers & Welders,14/14 FIFO,Day
Swing 4 - Night shift,2026-12-06T00:00:00,2026-12-19T00:00:00,0,Boilermakers & Welders Crew,Night shift,"{""id"":""E1065"",""name"":""Riley Chen""}",Coded Welder,Boilermakers & Welders,14/14 FIFO,Night
Swing 5 - Day shift,2027-01-03T00:00:00,2027-01-16T00:00:00,0,Boilermakers & Welders Crew,Day shift,"{""id"":""E1065"",""name"":""Riley Chen""}",Coded Welder,Boilermakers & Welders,14/14 FIFO,Day
Swing 6 - Night shift,2027-01-31T00:00:00,2027-02-13T00:00:00,0,Boilermakers & Welders Crew,Night shift,"{""id"":""E1065"",""name"":""Riley Chen""}",Coded Welder,Boilermakers & Welders,14/14 FIFO,Night
Swing 7 - Day shift,2027-02-28T00:00:00,2027-03-13T00:00:00,0,Boilermakers & Welders Crew,Day shift,"{""id"":""E1065"",""name"":""Riley Chen""}",Coded Welder,Boilermakers & Welders,14/14 FIFO,Day
Swing 1 - Day shift,2026-09-12T00:00:00,2026-09-25T00:00:00,36,Boilermakers & Welders Crew,Day shift,"{""id"":""E1066"",""name"":""Lachlan Green""}",Leading Hand Boilermaker,Boilermakers & Welders,14/14 FIFO,Day
Swing 2 - Night shift,2026-10-10T00:00:00,2026-10-23T00:00:00,0,Boilermakers & Welders Crew,Night shift,"{""id"":""E1066"",""name"":""Lachlan Green""}",Leading Hand Boilermaker,Boilermakers & Welders,14/14 FIFO,Night
Swing 3 - Day shift,2026-11-07T00:00:00,2026-11-20T00:00:00,0,Boilermakers & Welders Crew,Day shift,"{""id"":""E1066"",""name"":""Lachlan Green""}",Leading Hand Boilermaker,Boilermakers & Welders,14/14 FIFO,Day
Roster change,2026-12-06T00:00:00,2026-12-06T00:00:00,0,Boilermakers & Welders Crew,Induction,"{""id"":""E1066"",""name"":""Lachlan Green""}",Leading Hand Boilermaker,Boilermakers & Welders,8/6 FIFO,
Swing 4 - Night shift,2026-12-07T00:00:00,2026-12-14T00:00:00,0,Boilermakers & Welders Crew,Night shift,"{""id"":""E1066"",""name"":""Lachlan Green""}",Leading Hand Boilermaker,Boilermakers & Welders,8/6 FIFO,Night
Swing 5 - Day shift,2026-12-21T00:00:00,2026-12-28T00:00:00,0,Boilermakers & Welders Crew,Day shift,"{""id"":""E1066"",""name"":""Lachlan Green""}",Leading Hand Boilermaker,Boilermakers & Welders,8/6 FIFO,Day
Annual leave,2027-01-04T00:00:00,2027-01-11T00:00:00,0,Boilermakers & Welders Crew,Leave,"{""id"":""E1066"",""name"":""Lachlan Green""}",Leading Hand Boilermaker,Boilermakers & Welders,8/6 FIFO,
Swing 7 - Night shift,2027-01-18T00:00:00,2027-01-25T00:00:00,0,Boilermakers & Welders Crew,Night shift,"{""id"":""E1066"",""name"":""Lachlan Green""}",Leading Hand Boilermaker,Boilermakers & Welders,8/6 FIFO,Night
Swing 8 - Day shift,2027-02-01T00:00:00,2027-02-08T00:00:00,0,Boilermakers & Welders Crew,Day shift,"{""id"":""E1066"",""name"":""Lachlan Green""}",Leading Hand Boilermaker,Boilermakers & Welders,8/6 FIFO,Day
Swing 9 - Night shift,2027-02-15T00:00:00,2027-02-22T00:00:00,0,Boilermakers & Welders Crew,Night shift,"{""id"":""E1066"",""name"":""Lachlan Green""}",Leading Hand Boilermaker,Boilermakers & Welders,8/6 FIFO,Night
Swing 10 - Day shift,2027-03-01T00:00:00,2027-03-08T00:00:00,0,Boilermakers & Welders Crew,Day shift,"{""id"":""E1066"",""name"":""Lachlan Green""}",Leading Hand Boilermaker,Boilermakers & Welders,8/6 FIFO,Day
Swing 11 - Night shift,2027-03-15T00:00:00,2027-03-15T00:00:00,0,Boilermakers & Welders Crew,Night shift,"{""id"":""E1066"",""name"":""Lachlan Green""}",Leading Hand Boilermaker,Boilermakers & Welders,8/6 FIFO,Night
Annual leave,2027-01-22T00:00:00,2027-01-31T00:00:00,0,Boilermakers & Welders Crew,Leave,"{""id"":""E1066"",""name"":""Lachlan Green""}",Leading Hand Boilermaker,Boilermakers & Welders,8/6 FIFO,
Swing 1 - Day shift,2026-09-05T00:00:00,2026-09-12T00:00:00,100,Boilermakers & Welders Crew,Day shift,"{""id"":""E1067"",""name"":""Tane Kelly""}",Coded Welder,Boilermakers & Welders,8/6 FIFO,Day
Swing 2 - Night shift,2026-09-19T00:00:00,2026-09-26T00:00:00,0,Boilermakers & Welders Crew,Night shift,"{""id"":""E1067"",""name"":""Tane Kelly""}",Coded Welder,Boilermakers & Welders,8/6 FIFO,Night
Swing 3 - Day shift,2026-10-03T00:00:00,2026-10-10T00:00:00,0,Boilermakers & Welders Crew,Day shift,"{""id"":""E1067"",""name"":""Tane Kelly""}",Coded Welder,Boilermakers & Welders,8/6 FIFO,Day
Swing 4 - Night shift,2026-10-17T00:00:00,2026-10-24T00:00:00,0,Boilermakers & Welders Crew,Night shift,"{""id"":""E1067"",""name"":""Tane Kelly""}",Coded Welder,Boilermakers & Welders,8/6 FIFO,Night
Swing 5 - Day shift,2026-10-31T00:00:00,2026-11-07T00:00:00,0,Boilermakers & Welders Crew,Day shift,"{""id"":""E1067"",""name"":""Tane Kelly""}",Coded Welder,Boilermakers & Welders,8/6 FIFO,Day
Swing 6 - Night shift,2026-11-14T00:00:00,2026-11-21T00:00:00,0,Boilermakers & Welders Crew,Night shift,"{""id"":""E1067"",""name"":""Tane Kelly""}",Coded Welder,Boilermakers & Welders,8/6 FIFO,Night
Swing 7 - Day shift,2026-11-28T00:00:00,2026-12-05T00:00:00,0,Boilermakers & Welders Crew,Day shift,"{""id"":""E1067"",""name"":""Tane Kelly""}",Coded Welder,Boilermakers & Welders,8/6 FIFO,Day
Roster change,2026-12-28T00:00:00,2026-12-28T00:00:00,0,Boilermakers & Welders Crew,Induction,"{""id"":""E1067"",""name"":""Tane Kelly""}",Coded Welder,Boilermakers & Welders,7/7 DIDO,
Swing 8 - Night shift,2026-12-29T00:00:00,2027-01-04T00:00:00,0,Boilermakers & Welders Crew,Night shift,"{""id"":""E1067"",""name"":""Tane Kelly""}",Coded Welder,Boilermakers & Welders,7/7 DIDO,Night
Swing 9 - Day shift,2027-01-12T00:00:00,2027-01-18T00:00:00,0,Boilermakers & Welders Crew,Day shift,"{""id"":""E1067"",""name"":""Tane Kelly""}",Coded Welder,Boilermakers & Welders,7/7 DIDO,Day
Swing 10 - Night shift,2027-01-26T00:00:00,2027-02-01T00:00:00,0,Boilermakers & Welders Crew,Night shift,"{""id"":""E1067"",""name"":""Tane Kelly""}",Coded Welder,Boilermakers & Welders,7/7 DIDO,Night
Swing 11 - Day shift,2027-02-09T00:00:00,2027-02-15T00:00:00,0,Boilermakers & Welders Crew,Day shift,"{""id"":""E1067"",""name"":""Tane Kelly""}",Coded Welder,Boilermakers & Welders,7/7 DIDO,Day
Swing 12 - Night shift,2027-02-23T00:00:00,2027-03-01T00:00:00,0,Boilermakers & Welders Crew,Night shift,"{""id"":""E1067"",""name"":""Tane Kelly""}",Coded Welder,Boilermakers & Welders,7/7 DIDO,Night
Swing 13 - Day shift,2027-03-09T00:00:00,2027-03-15T00:00:00,0,Boilermakers & Welders Crew,Day shift,"{""id"":""E1067"",""name"":""Tane Kelly""}",Coded Welder,Boilermakers & Welders,7/7 DIDO,Day
Rigging & Scaffolding Crew,2026-09-02T00:00:00,2027-03-15T00:00:00,8,,Crew,,,Rigging & Scaffolding,,
Swing 1 - Day shift,2026-09-02T00:00:00,2026-09-04T00:00:00,100,Rigging & Scaffolding Crew,Day shift,"{""id"":""E1068"",""name"":""Aroha Ngata""}",Crane Operator,Rigging & Scaffolding,7/7 DIDO,Day
Swing 2 - Night shift,2026-09-12T00:00:00,2026-09-18T00:00:00,71,Rigging & Scaffolding Crew,Night shift,"{""id"":""E1068"",""name"":""Aroha Ngata""}",Crane Operator,Rigging & Scaffolding,7/7 DIDO,Night
Swing 3 - Day shift,2026-09-26T00:00:00,2026-10-02T00:00:00,0,Rigging & Scaffolding Crew,Day shift,"{""id"":""E1068"",""name"":""Aroha Ngata""}",Crane Operator,Rigging & Scaffolding,7/7 DIDO,Day
Swing 4 - Night shift,2026-10-10T00:00:00,2026-10-16T00:00:00,0,Rigging & Scaffolding Crew,Night shift,"{""id"":""E1068"",""name"":""Aroha Ngata""}",Crane Operator,Rigging & Scaffolding,7/7 DIDO,Night
Swing 5 - Day shift,2026-10-24T00:00:00,2026-10-30T00:00:00,0,Rigging & Scaffolding Crew,Day shift,"{""id"":""E1068"",""name"":""Aroha Ngata""}",Crane Operator,Rigging & Scaffolding,7/7 DIDO,Day
Swing 6 - Night shift,2026-11-07T00:00:00,2026-11-13T00:00:00,0,Rigging & Scaffolding Crew,Night shift,"{""id"":""E1068"",""name"":""Aroha Ngata""}",Crane Operator,Rigging & Scaffolding,7/7 DIDO,Night
Swing 7 - Day shift,2026-11-21T00:00:00,2026-11-27T00:00:00,0,Rigging & Scaffolding Crew,Day shift,"{""id"":""E1068"",""name"":""Aroha Ngata""}",Crane Operator,Rigging & Scaffolding,7/7 DIDO,Day
Swing 8 - Night shift,2026-12-05T00:00:00,2026-12-11T00:00:00,0,Rigging & Scaffolding Crew,Night shift,"{""id"":""E1068"",""name"":""Aroha Ngata""}",Crane Operator,Rigging & Scaffolding,7/7 DIDO,Night
Swing 9 - Day shift,2026-12-19T00:00:00,2026-12-25T00:00:00,0,Rigging & Scaffolding Crew,Day shift,"{""id"":""E1068"",""name"":""Aroha Ngata""}",Crane Operator,Rigging & Scaffolding,7/7 DIDO,Day
Swing 10 - Night shift,2027-01-02T00:00:00,2027-01-08T00:00:00,0,Rigging & Scaffolding Crew,Night shift,"{""id"":""E1068"",""name"":""Aroha Ngata""}",Crane Operator,Rigging & Scaffolding,7/7 DIDO,Night
Swing 11 - Day shift,2027-01-16T00:00:00,2027-01-22T00:00:00,0,Rigging & Scaffolding Crew,Day shift,"{""id"":""E1068"",""name"":""Aroha Ngata""}",Crane Operator,Rigging & Scaffolding,7/7 DIDO,Day
Swing 12 - Night shift,2027-01-30T00:00:00,2027-02-05T00:00:00,0,Rigging & Scaffolding Crew,Night shift,"{""id"":""E1068"",""name"":""Aroha Ngata""}",Crane Operator,Rigging & Scaffolding,7/7 DIDO,Night
Swing 13 - Day shift,2027-02-13T00:00:00,2027-02-19T00:00:00,0,Rigging & Scaffolding Crew,Day shift,"{""id"":""E1068"",""name"":""Aroha Ngata""}",Crane Operator,Rigging & Scaffolding,7/7 DIDO,Day
Swing 14 - Night shift,2027-02-27T00:00:00,2027-03-05T00:00:00,0,Rigging & Scaffolding Crew,Night shift,"{""id"":""E1068"",""name"":""Aroha Ngata""}",Crane Operator,Rigging & Scaffolding,7/7 DIDO,Night
Swing 15 - Day shift,2027-03-13T00:00:00,2027-03-15T00:00:00,0,Rigging & Scaffolding Crew,Day shift,"{""id"":""E1068"",""name"":""Aroha Ngata""}",Crane Operator,Rigging & Scaffolding,7/7 DIDO,Day
Sick leave,2027-03-02T00:00:00,2027-03-04T00:00:00,0,Rigging & Scaffolding Crew,Leave,"{""id"":""E1068"",""name"":""Aroha Ngata""}",Crane Operator,Rigging & Scaffolding,7/7 DIDO,
Swing 1 - Night shift,2026-09-02T00:00:00,2026-09-14T00:00:00,100,Rigging & Scaffolding Crew,Night shift,"{""id"":""E1069"",""name"":""Lachlan Nguyen""}",Advanced Scaffolder,Rigging & Scaffolding,21/7 FIFO,Night
Swing 2 - Day shift,2026-09-22T00:00:00,2026-10-12T00:00:00,0,Rigging & Scaffolding Crew,Day shift,"{""id"":""E1069"",""name"":""Lachlan Nguyen""}",Advanced Scaffolder,Rigging & Scaffolding,21/7 FIFO,Day
Swing 3 - Night shift,2026-10-20T00:00:00,2026-11-09T00:00:00,0,Rigging & Scaffolding Crew,Night shift,"{""id"":""E1069"",""name"":""Lachlan Nguyen""}",Advanced Scaffolder,Rigging & Scaffolding,21/7 FIFO,Night
Swing 4 - Day shift,2026-11-17T00:00:00,2026-12-07T00:00:00,0,Rigging & Scaffolding Crew,Day shift,"{""id"":""E1069"",""name"":""Lachlan Nguyen""}",Advanced Scaffolder,Rigging & Scaffolding,21/7 FIFO,Day
Swing 5 - Night shift,2026-12-15T00:00:00,2027-01-04T00:00:00,0,Rigging & Scaffolding Crew,Night shift,"{""id"":""E1069"",""name"":""Lachlan Nguyen""}",Advanced Scaffolder,Rigging & Scaffolding,21/7 FIFO,Night
Swing 6 - Day shift,2027-01-12T00:00:00,2027-02-01T00:00:00,0,Rigging & Scaffolding Crew,Day shift,"{""id"":""E1069"",""name"":""Lachlan Nguyen""}",Advanced Scaffolder,Rigging & Scaffolding,21/7 FIFO,Day
Swing 7 - Night shift,2027-02-09T00:00:00,2027-03-01T00:00:00,0,Rigging & Scaffolding Crew,Night shift,"{""id"":""E1069"",""name"":""Lachlan Nguyen""}",Advanced Scaffolder,Rigging & Scaffolding,21/7 FIFO,Night
Swing 8 - Day shift,2027-03-09T00:00:00,2027-03-15T00:00:00,0,Rigging & Scaffolding Crew,Day shift,"{""id"":""E1069"",""name"":""Lachlan Nguyen""}",Advanced Scaffolder,Rigging & Scaffolding,21/7 FIFO,Day
Swing 1 - Day shift,2026-09-02T00:00:00,2026-09-07T00:00:00,100,Rigging & Scaffolding Crew,Day shift,"{""id"":""E1070"",""name"":""Oliver Williams""}",Crane Operator,Rigging & Scaffolding,8/6 FIFO,Day
Swing 2 - Night shift,2026-09-14T00:00:00,2026-09-21T00:00:00,38,Rigging & Scaffolding Crew,Night shift,"{""id"":""E1070"",""name"":""Oliver Williams""}",Crane Operator,Rigging & Scaffolding,8/6 FIFO,Night
Swing 3 - Day shift,2026-09-28T00:00:00,2026-10-05T00:00:00,0,Rigging & Scaffolding Crew,Day shift,"{""id"":""E1070"",""name"":""Oliver Williams""}",Crane Operator,Rigging & Scaffolding,8/6 FIFO,Day
Swing 4 - Night shift,2026-10-12T00:00:00,2026-10-19T00:00:00,0,Rigging & Scaffolding Crew,Night shift,"{""id"":""E1070"",""name"":""Oliver Williams""}",Crane Operator,Rigging & Scaffolding,8/6 FIFO,Night
Swing 5 - Day shift,2026-10-26T00:00:00,2026-11-02T00:00:00,0,Rigging & Scaffolding Crew,Day shift,"{""id"":""E1070"",""name"":""Oliver Williams""}",Crane Operator,Rigging & Scaffolding,8/6 FIFO,Day
Swing 6 - Night shift,2026-11-09T00:00:00,2026-11-16T00:00:00,0,Rigging & Scaffolding Crew,Night shift,"{""id"":""E1070"",""name"":""Oliver Williams""}",Crane Operator,Rigging & Scaffolding,8/6 FIFO,Night
Swing 7 - Day shift,2026-11-23T00:00:00,2026-11-30T00:00:00,0,Rigging & Scaffolding Crew,Day shift,"{""id"":""E1070"",""name"":""Oliver Williams""}",Crane Operator,Rigging & Scaffolding,8/6 FIFO,Day
Swing 8 - Night shift,2026-12-07T00:00:00,2026-12-14T00:00:00,0,Rigging & Scaffolding Crew,Night shift,"{""id"":""E1070"",""name"":""Oliver Williams""}",Crane Operator,Rigging & Scaffolding,8/6 FIFO,Night
Swing 9 - Day shift,2026-12-21T00:00:00,2026-12-28T00:00:00,0,Rigging & Scaffolding Crew,Day shift,"{""id"":""E1070"",""name"":""Oliver Williams""}",Crane Operator,Rigging & Scaffolding,8/6 FIFO,Day
Swing 10 - Night shift,2027-01-04T00:00:00,2027-01-11T00:00:00,0,Rigging & Scaffolding Crew,Night shift,"{""id"":""E1070"",""name"":""Oliver Williams""}",Crane Operator,Rigging & Scaffolding,8/6 FIFO,Night
Swing 11 - Day shift,2027-01-18T00:00:00,2027-01-25T00:00:00,0,Rigging & Scaffolding Crew,Day shift,"{""id"":""E1070"",""name"":""Oliver Williams""}",Crane Operator,Rigging & Scaffolding,8/6 FIFO,Day
Swing 12 - Night shift,2027-02-01T00:00:00,2027-02-08T00:00:00,0,Rigging & Scaffolding Crew,Night shift,"{""id"":""E1070"",""name"":""Oliver Williams""}",Crane Operator,Rigging & Scaffolding,8/6 FIFO,Night
Swing 13 - Day shift,2027-02-15T00:00:00,2027-02-22T00:00:00,0,Rigging & Scaffolding Crew,Day shift,"{""id"":""E1070"",""name"":""Oliver Williams""}",Crane Operator,Rigging & Scaffolding,8/6 FIFO,Day
Swing 14 - Night shift,2027-03-01T00:00:00,2027-03-08T00:00:00,0,Rigging & Scaffolding Crew,Night shift,"{""id"":""E1070"",""name"":""Oliver Williams""}",Crane Operator,Rigging & Scaffolding,8/6 FIFO,Night
Swing 15 - Day shift,2027-03-15T00:00:00,2027-03-15T00:00:00,0,Rigging & Scaffolding Crew,Day shift,"{""id"":""E1070"",""name"":""Oliver Williams""}",Crane Operator,Rigging & Scaffolding,8/6 FIFO,Day
Sick leave,2027-02-16T00:00:00,2027-02-17T00:00:00,0,Rigging & Scaffolding Crew,Leave,"{""id"":""E1070"",""name"":""Oliver Williams""}",Crane Operator,Rigging & Scaffolding,8/6 FIFO,
Swing 1 - Night shift,2026-09-02T00:00:00,2026-09-06T00:00:00,100,Rigging & Scaffolding Crew,Night shift,"{""id"":""E1071"",""name"":""Chloe Hall""}",Crane Operator,Rigging & Scaffolding,8/6 FIFO,Night
Swing 2 - Day shift,2026-09-13T00:00:00,2026-09-20T00:00:00,50,Rigging & Scaffolding Crew,Day shift,"{""id"":""E1071"",""name"":""Chloe Hall""}",Crane Operator,Rigging & Scaffolding,8/6 FIFO,Day
Swing 3 - Night shift,2026-09-27T00:00:00,2026-10-04T00:00:00,0,Rigging & Scaffolding Crew,Night shift,"{""id"":""E1071"",""name"":""Chloe Hall""}",Crane Operator,Rigging & Scaffolding,8/6 FIFO,Night
Swing 4 - Day shift,2026-10-11T00:00:00,2026-10-18T00:00:00,0,Rigging & Scaffolding Crew,Day shift,"{""id"":""E1071"",""name"":""Chloe Hall""}",Crane Operator,Rigging & Scaffolding,8/6 FIFO,Day
Swing 5 - Night shift,2026-10-25T00:00:00,2026-11-01T00:00:00,0,Rigging & Scaffolding Crew,Night shift,"{""id"":""E1071"",""name"":""Chloe Hall""}",Crane Operator,Rigging & Scaffolding,8/6 FIFO,Night
Annual leave,2026-11-08T00:00:00,2026-11-15T00:00:00,0,Rigging & Scaffolding Crew,Leave,"{""id"":""E1071"",""name"":""Chloe Hall""}",Crane Operator,Rigging & Scaffolding,8/6 FIFO,
Swing 7 - Day shift,2026-11-22T00:00:00,2026-11-29T00:00:00,0,Rigging & Scaffolding Crew,Day shift,"{""id"":""E1071"",""name"":""Chloe Hall""}",Crane Operator,Rigging & Scaffolding,8/6 FIFO,Day
Swing 8 - Night shift,2026-12-06T00:00:00,2026-12-07T00:00:00,0,Rigging & Scaffolding Crew,Night shift,"{""id"":""E1071"",""name"":""Chloe Hall""}",Crane Operator,Rigging & Scaffolding,8/6 FIFO,Night
Roster change,2026-12-24T00:00:00,2026-12-24T00:00:00,0,Rigging & Scaffolding Crew,Induction,"{""id"":""E1071"",""name"":""Chloe Hall""}",Crane Operator,Rigging & Scaffolding,14/14 FIFO,
Swing 9 - Day shift,2026-12-25T00:00:00,2027-01-07T00:00:00,0,Rigging & Scaffolding Crew,Day shift,"{""id"":""E1071"",""name"":""Chloe Hall""}",Crane Operator,Rigging & Scaffolding,14/14 FIFO,Day
Swing 10 - Night shift,2027-01-22T00:00:00,2027-02-04T00:00:00,0,Rigging & Scaffolding Crew,Night shift,"{""id"":""E1071"",""name"":""Chloe Hall""}",Crane Operator,Rigging & Scaffolding,14/14 FIFO,Night
Swing 11 - Day shift,2027-02-19T00:00:00,2027-03-04T00:00:00,0,Rigging & Scaffolding Crew,Day shift,"{""id"":""E1071"",""name"":""Chloe Hall""}",Crane Operator,Rigging & Scaffolding,14/14 FIFO,Day
Sick leave,2027-02-01T00:00:00,2027-02-03T00:00:00,0,Rigging & Scaffolding Crew,Leave,"{""id"":""E1071"",""name"":""Chloe Hall""}",Crane Operator,Rigging & Scaffolding,14/14 FIFO,
Swing 1 - Day shift,2026-09-05T00:00:00,2026-09-12T00:00:00,100,Rigging & Scaffolding Crew,Day shift,"{""id"":""E1072"",""name"":""James Ngata""}",Crane Operator,Rigging & Scaffolding,8/6 FIFO,Day
Swing 2 - Night shift,2026-09-19T00:00:00,2026-09-26T00:00:00,0,Rigging & Scaffolding Crew,Night shift,"{""id"":""E1072"",""name"":""James Ngata""}",Crane Operator,Rigging & Scaffolding,8/6 FIFO,Night
Swing 3 - Day shift,2026-10-03T00:00:00,2026-10-10T00:00:00,0,Rigging & Scaffolding Crew,Day shift,"{""id"":""E1072"",""name"":""James Ngata""}",Crane Operator,Rigging & Scaffolding,8/6 FIFO,Day
Swing 4 - Night shift,2026-10-17T00:00:00,2026-10-24T00:00:00,0,Rigging & Scaffolding Crew,Night shift,"{""id"":""E1072"",""name"":""James Ngata""}",Crane Operator,Rigging & Scaffolding,8/6 FIFO,Night
Swing 5 - Day shift,2026-10-31T00:00:00,2026-11-07T00:00:00,0,Rigging & Scaffolding Crew,Day shift,"{""id"":""E1072"",""name"":""James Ngata""}",Crane Operator,Rigging & Scaffolding,8/6 FIFO,Day
Swing 6 - Night shift,2026-11-14T00:00:00,2026-11-21T00:00:00,0,Rigging & Scaffolding Crew,Night shift,"{""id"":""E1072"",""name"":""James Ngata""}",Crane Operator,Rigging & Scaffolding,8/6 FIFO,Night
Swing 7 - Day shift,2026-11-28T00:00:00,2026-12-05T00:00:00,0,Rigging & Scaffolding Crew,Day shift,"{""id"":""E1072"",""name"":""James Ngata""}",Crane Operator,Rigging & Scaffolding,8/6 FIFO,Day
Swing 8 - Night shift,2026-12-12T00:00:00,2026-12-19T00:00:00,0,Rigging & Scaffolding Crew,Night shift,"{""id"":""E1072"",""name"":""James Ngata""}",Crane Operator,Rigging & Scaffolding,8/6 FIFO,Night
Swing 9 - Day shift,2026-12-26T00:00:00,2027-01-02T00:00:00,0,Rigging & Scaffolding Crew,Day shift,"{""id"":""E1072"",""name"":""James Ngata""}",Crane Operator,Rigging & Scaffolding,8/6 FIFO,Day
Swing 10 - Night shift,2027-01-09T00:00:00,2027-01-16T00:00:00,0,Rigging & Scaffolding Crew,Night shift,"{""id"":""E1072"",""name"":""James Ngata""}",Crane Operator,Rigging & Scaffolding,8/6 FIFO,Night
Swing 11 - Day shift,2027-01-23T00:00:00,2027-01-30T00:00:00,0,Rigging & Scaffolding Crew,Day shift,"{""id"":""E1072"",""name"":""James Ngata""}",Crane Operator,Rigging & Scaffolding,8/6 FIFO,Day
Swing 12 - Night shift,2027-02-06T00:00:00,2027-02-13T00:00:00,0,Rigging & Scaffolding Crew,Night shift,"{""id"":""E1072"",""name"":""James Ngata""}",Crane Operator,Rigging & Scaffolding,8/6 FIFO,Night
Swing 13 - Day shift,2027-02-20T00:00:00,2027-02-27T00:00:00,0,Rigging & Scaffolding Crew,Day shift,"{""id"":""E1072"",""name"":""James Ngata""}",Crane Operator,Rigging & Scaffolding,8/6 FIFO,Day
Swing 14 - Night shift,2027-03-06T00:00:00,2027-03-13T00:00:00,0,Rigging & Scaffolding Crew,Night shift,"{""id"":""E1072"",""name"":""James Ngata""}",Crane Operator,Rigging & Scaffolding,8/6 FIFO,Night
Site induction,2026-12-11T00:00:00,2026-12-11T00:00:00,0,Rigging & Scaffolding Crew,Induction,"{""id"":""E1073"",""name"":""Declan Ryan""}",Advanced Scaffolder,Rigging & Scaffolding,5/2 Residential,
Swing 1 - Night shift,2026-12-14T00:00:00,2026-12-18T00:00:00,0,Rigging & Scaffolding Crew,Night shift,"{""id"":""E1073"",""name"":""Declan Ryan""}",Advanced Scaffolder,Rigging & Scaffolding,5/2 Residential,Night
Swing 2 - Night shift,2026-12-21T00:00:00,2026-12-25T00:00:00,0,Rigging & Scaffolding Crew,Night shift,"{""id"":""E1073"",""name"":""Declan Ryan""}",Advanced Scaffolder,Rigging & Scaffolding,5/2 Residential,Night
Roster change,2027-01-07T00:00:00,2027-01-07T00:00:00,0,Rigging & Scaffolding Crew,Induction,"{""id"":""E1073"",""name"":""Declan Ryan""}",Advanced Scaffolder,Rigging & Scaffolding,8/6 FIFO,
Swing 3 - Night shift,2027-01-08T00:00:00,2027-01-15T00:00:00,0,Rigging & Scaffolding Crew,Night shift,"{""id"":""E1073"",""name"":""Declan Ryan""}",Advanced Scaffolder,Rigging & Scaffolding,8/6 FIFO,Night
Swing 4 - Day shift,2027-01-22T00:00:00,2027-01-29T00:00:00,0,Rigging & Scaffolding Crew,Day shift,"{""id"":""E1073"",""name"":""Declan Ryan""}",Advanced Scaffolder,Rigging & Scaffolding,8/6 FIFO,Day
Swing 5 - Night shift,2027-02-05T00:00:00,2027-02-12T00:00:00,0,Rigging & Scaffolding Crew,Night shift,"{""id"":""E1073"",""name"":""Declan Ryan""}",Advanced Scaffolder,Rigging & Scaffolding,8/6 FIFO,Night
Swing 6 - Day shift,2027-02-19T00:00:00,2027-02-26T00:00:00,0,Rigging & Scaffolding Crew,Day shift,"{""id"":""E1073"",""name"":""Declan Ryan""}",Advanced Scaffolder,Rigging & Scaffolding,8/6 FIFO,Day
Annual leave,2027-03-05T00:00:00,2027-03-12T00:00:00,0,Rigging & Scaffolding Crew,Leave,"{""id"":""E1073"",""name"":""Declan Ryan""}",Advanced Scaffolder,Rigging & Scaffolding,8/6 FIFO,
Sick leave,2027-01-23T00:00:00,2027-01-25T00:00:00,0,Rigging & Scaffolding Crew,Leave,"{""id"":""E1073"",""name"":""Declan Ryan""}",Advanced Scaffolder,Rigging & Scaffolding,8/6 FIFO,
Swing 1 - Night shift,2026-09-02T00:00:00,2026-09-02T00:00:00,100,Rigging & Scaffolding Crew,Night shift,"{""id"":""E1074"",""name"":""Ava Smith""}",Advanced Scaffolder,Rigging & Scaffolding,21/7 FIFO,Night
Swing 2 - Day shift,2026-09-10T00:00:00,2026-09-30T00:00:00,33,Rigging & Scaffolding Crew,Day shift,"{""id"":""E1074"",""name"":""Ava Smith""}",Advanced Scaffolder,Rigging & Scaffolding,21/7 FIFO,Day
Swing 3 - Night shift,2026-10-08T00:00:00,2026-10-28T00:00:00,0,Rigging & Scaffolding Crew,Night shift,"{""id"":""E1074"",""name"":""Ava Smith""}",Advanced Scaffolder,Rigging & Scaffolding,21/7 FIFO,Night
Swing 4 - Day shift,2026-11-05T00:00:00,2026-11-25T00:00:00,0,Rigging & Scaffolding Crew,Day shift,"{""id"":""E1074"",""name"":""Ava Smith""}",Advanced Scaffolder,Rigging & Scaffolding,21/7 FIFO,Day
Swing 5 - Night shift,2026-12-03T00:00:00,2026-12-23T00:00:00,0,Rigging & Scaffolding Crew,Night shift,"{""id"":""E1074"",""name"":""Ava Smith""}",Advanced Scaffolder,Rigging & Scaffolding,21/7 FIFO,Night
Annual leave,2026-12-31T00:00:00,2027-01-20T00:00:00,0,Rigging & Scaffolding Crew,Leave,"{""id"":""E1074"",""name"":""Ava Smith""}",Advanced Scaffolder,Rigging & Scaffolding,21/7 FIFO,
Swing 7 - Day shift,2027-01-28T00:00:00,2027-02-17T00:00:00,0,Rigging & Scaffolding Crew,Day shift,"{""id"":""E1074"",""name"":""Ava Smith""}",Advanced Scaffolder,Rigging & Scaffolding,21/7 FIFO,Day
Swing 8 - Night shift,2027-02-25T00:00:00,2027-03-15T00:00:00,0,Rigging & Scaffolding Crew,Night shift,"{""id"":""E1074"",""name"":""Ava Smith""}",Advanced Scaffolder,Rigging & Scaffolding,21/7 FIFO,Night
Annual leave,2027-03-06T00:00:00,2027-03-15T00:00:00,0,Rigging & Scaffolding Crew,Leave,"{""id"":""E1074"",""name"":""Ava Smith""}",Advanced Scaffolder,Rigging & Scaffolding,21/7 FIFO,
Swing 1 - Day shift,2026-09-02T00:00:00,2026-09-04T00:00:00,100,Rigging & Scaffolding Crew,Day shift,"{""id"":""E1075"",""name"":""Harper Patel""}",Rigger,Rigging & Scaffolding,7/7 DIDO,Day
Swing 2 - Night shift,2026-09-12T00:00:00,2026-09-18T00:00:00,71,Rigging & Scaffolding Crew,Night shift,"{""id"":""E1075"",""name"":""Harper Patel""}",Rigger,Rigging & Scaffolding,7/7 DIDO,Night
Swing 3 - Day shift,2026-09-26T00:00:00,2026-10-02T00:00:00,0,Rigging & Scaffolding Crew,Day shift,"{""id"":""E1075"",""name"":""Harper Patel""}",Rigger,Rigging & Scaffolding,7/7 DIDO,Day
Swing 4 - Night shift,2026-10-10T00:00:00,2026-10-16T00:00:00,0,Rigging & Scaffolding Crew,Night shift,"{""id"":""E1075"",""name"":""Harper Patel""}",Rigger,Rigging & Scaffolding,7/7 DIDO,Night
Swing 5 - Day shift,2026-10-24T00:00:00,2026-10-30T00:00:00,0,Rigging & Scaffolding Crew,Day shift,"{""id"":""E1075"",""name"":""Harper Patel""}",Rigger,Rigging & Scaffolding,7/7 DIDO,Day
Swing 6 - Night shift,2026-11-07T00:00:00,2026-11-13T00:00:00,0,Rigging & Scaffolding Crew,Night shift,"{""id"":""E1075"",""name"":""Harper Patel""}",Rigger,Rigging & Scaffolding,7/7 DIDO,Night
Swing 7 - Day shift,2026-11-21T00:00:00,2026-11-27T00:00:00,0,Rigging & Scaffolding Crew,Day shift,"{""id"":""E1075"",""name"":""Harper Patel""}",Rigger,Rigging & Scaffolding,7/7 DIDO,Day
Swing 8 - Night shift,2026-12-05T00:00:00,2026-12-11T00:00:00,0,Rigging & Scaffolding Crew,Night shift,"{""id"":""E1075"",""name"":""Harper Patel""}",Rigger,Rigging & Scaffolding,7/7 DIDO,Night
Swing 9 - Day shift,2026-12-19T00:00:00,2026-12-25T00:00:00,0,Rigging & Scaffolding Crew,Day shift,"{""id"":""E1075"",""name"":""Harper Patel""}",Rigger,Rigging & Scaffolding,7/7 DIDO,Day
Swing 10 - Night shift,2027-01-02T00:00:00,2027-01-08T00:00:00,0,Rigging & Scaffolding Crew,Night shift,"{""id"":""E1075"",""name"":""Harper Patel""}",Rigger,Rigging & Scaffolding,7/7 DIDO,Night
Swing 11 - Day shift,2027-01-16T00:00:00,2027-01-22T00:00:00,0,Rigging & Scaffolding Crew,Day shift,"{""id"":""E1075"",""name"":""Harper Patel""}",Rigger,Rigging & Scaffolding,7/7 DIDO,Day
Swing 12 - Night shift,2027-01-30T00:00:00,2027-02-05T00:00:00,0,Rigging & Scaffolding Crew,Night shift,"{""id"":""E1075"",""name"":""Harper Patel""}",Rigger,Rigging & Scaffolding,7/7 DIDO,Night
Swing 13 - Day shift,2027-02-13T00:00:00,2027-02-19T00:00:00,0,Rigging & Scaffolding Crew,Day shift,"{""id"":""E1075"",""name"":""Harper Patel""}",Rigger,Rigging & Scaffolding,7/7 DIDO,Day
Swing 14 - Night shift,2027-02-27T00:00:00,2027-03-05T00:00:00,0,Rigging & Scaffolding Crew,Night shift,"{""id"":""E1075"",""name"":""Harper Patel""}",Rigger,Rigging & Scaffolding,7/7 DIDO,Night
Swing 15 - Day shift,2027-03-13T00:00:00,2027-03-15T00:00:00,0,Rigging & Scaffolding Crew,Day shift,"{""id"":""E1075"",""name"":""Harper Patel""}",Rigger,Rigging & Scaffolding,7/7 DIDO,Day
Annual leave,2027-03-02T00:00:00,2027-03-15T00:00:00,0,Rigging & Scaffolding Crew,Leave,"{""id"":""E1075"",""name"":""Harper Patel""}",Rigger,Rigging & Scaffolding,7/7 DIDO,
Swing 1 - Night shift,2026-09-02T00:00:00,2026-09-08T00:00:00,100,Rigging & Scaffolding Crew,Night shift,"{""id"":""E1076"",""name"":""Lachlan Williams""}",Rigger,Rigging & Scaffolding,8/6 FIFO,Night
Annual leave,2026-09-15T00:00:00,2026-09-22T00:00:00,25,Rigging & Scaffolding Crew,Leave,"{""id"":""E1076"",""name"":""Lachlan Williams""}",Rigger,Rigging & Scaffolding,8/6 FIFO,
Swing 3 - Day shift,2026-09-29T00:00:00,2026-10-06T00:00:00,0,Rigging & Scaffolding Crew,Day shift,"{""id"":""E1076"",""name"":""Lachlan Williams""}",Rigger,Rigging & Scaffolding,8/6 FIFO,Day
Swing 4 - Night shift,2026-10-13T00:00:00,2026-10-20T00:00:00,0,Rigging & Scaffolding Crew,Night shift,"{""id"":""E1076"",""name"":""Lachlan Williams""}",Rigger,Rigging & Scaffolding,8/6 FIFO,Night
Swing 5 - Day shift,2026-10-27T00:00:00,2026-11-03T00:00:00,0,Rigging & Scaffolding Crew,Day shift,"{""id"":""E1076"",""name"":""Lachlan Williams""}",Rigger,Rigging & Scaffolding,8/6 FIFO,Day
Swing 6 - Night shift,2026-11-10T00:00:00,2026-11-17T00:00:00,0,Rigging & Scaffolding Crew,Night shift,"{""id"":""E1076"",""name"":""Lachlan Williams""}",Rigger,Rigging & Scaffolding,8/6 FIFO,Night
Swing 7 - Day shift,2026-11-24T00:00:00,2026-12-01T00:00:00,0,Rigging & Scaffolding Crew,Day shift,"{""id"":""E1076"",""name"":""Lachlan Williams""}",Rigger,Rigging & Scaffolding,8/6 FIFO,Day
Swing 8 - Night shift,2026-12-08T00:00:00,2026-12-15T00:00:00,0,Rigging & Scaffolding Crew,Night shift,"{""id"":""E1076"",""name"":""Lachlan Williams""}",Rigger,Rigging & Scaffolding,8/6 FIFO,Night
Swing 9 - Day shift,2026-12-22T00:00:00,2026-12-29T00:00:00,0,Rigging & Scaffolding Crew,Day shift,"{""id"":""E1076"",""name"":""Lachlan Williams""}",Rigger,Rigging & Scaffolding,8/6 FIFO,Day
Swing 10 - Night shift,2027-01-05T00:00:00,2027-01-12T00:00:00,0,Rigging & Scaffolding Crew,Night shift,"{""id"":""E1076"",""name"":""Lachlan Williams""}",Rigger,Rigging & Scaffolding,8/6 FIFO,Night
Swing 11 - Day shift,2027-01-19T00:00:00,2027-01-26T00:00:00,0,Rigging & Scaffolding Crew,Day shift,"{""id"":""E1076"",""name"":""Lachlan Williams""}",Rigger,Rigging & Scaffolding,8/6 FIFO,Day
Swing 12 - Night shift,2027-02-02T00:00:00,2027-02-09T00:00:00,0,Rigging & Scaffolding Crew,Night shift,"{""id"":""E1076"",""name"":""Lachlan Williams""}",Rigger,Rigging & Scaffolding,8/6 FIFO,Night
Swing 13 - Day shift,2027-02-16T00:00:00,2027-02-23T00:00:00,0,Rigging & Scaffolding Crew,Day shift,"{""id"":""E1076"",""name"":""Lachlan Williams""}",Rigger,Rigging & Scaffolding,8/6 FIFO,Day
Swing 14 - Night shift,2027-03-02T00:00:00,2027-03-09T00:00:00,0,Rigging & Scaffolding Crew,Night shift,"{""id"":""E1076"",""name"":""Lachlan Williams""}",Rigger,Rigging & Scaffolding,8/6 FIFO,Night
Annual leave,2027-02-06T00:00:00,2027-02-17T00:00:00,0,Rigging & Scaffolding Crew,Leave,"{""id"":""E1076"",""name"":""Lachlan Williams""}",Rigger,Rigging & Scaffolding,8/6 FIFO,
Swing 1 - Night shift,2026-09-02T00:00:00,2026-09-03T00:00:00,100,Rigging & Scaffolding Crew,Night shift,"{""id"":""E1077"",""name"":""Riley Singh""}",Dogman,Rigging & Scaffolding,8/6 FIFO,Night
Swing 2 - Day shift,2026-09-10T00:00:00,2026-09-17T00:00:00,88,Rigging & Scaffolding Crew,Day shift,"{""id"":""E1077"",""name"":""Riley Singh""}",Dogman,Rigging & Scaffolding,8/6 FIFO,Day
Swing 3 - Night shift,2026-09-24T00:00:00,2026-10-01T00:00:00,0,Rigging & Scaffolding Crew,Night shift,"{""id"":""E1077"",""name"":""Riley Singh""}",Dogman,Rigging & Scaffolding,8/6 FIFO,Night
Swing 4 - Day shift,2026-10-08T00:00:00,2026-10-15T00:00:00,0,Rigging & Scaffolding Crew,Day shift,"{""id"":""E1077"",""name"":""Riley Singh""}",Dogman,Rigging & Scaffolding,8/6 FIFO,Day
Swing 5 - Night shift,2026-10-22T00:00:00,2026-10-29T00:00:00,0,Rigging & Scaffolding Crew,Night shift,"{""id"":""E1077"",""name"":""Riley Singh""}",Dogman,Rigging & Scaffolding,8/6 FIFO,Night
Swing 6 - Day shift,2026-11-05T00:00:00,2026-11-12T00:00:00,0,Rigging & Scaffolding Crew,Day shift,"{""id"":""E1077"",""name"":""Riley Singh""}",Dogman,Rigging & Scaffolding,8/6 FIFO,Day
Swing 7 - Night shift,2026-11-19T00:00:00,2026-11-26T00:00:00,0,Rigging & Scaffolding Crew,Night shift,"{""id"":""E1077"",""name"":""Riley Singh""}",Dogman,Rigging & Scaffolding,8/6 FIFO,Night
Swing 8 - Day shift,2026-12-03T00:00:00,2026-12-10T00:00:00,0,Rigging & Scaffolding Crew,Day shift,"{""id"":""E1077"",""name"":""Riley Singh""}",Dogman,Rigging & Scaffolding,8/6 FIFO,Day
Swing 9 - Night shift,2026-12-17T00:00:00,2026-12-24T00:00:00,0,Rigging & Scaffolding Crew,Night shift,"{""id"":""E1077"",""name"":""Riley Singh""}",Dogman,Rigging & Scaffolding,8/6 FIFO,Night
Swing 10 - Day shift,2026-12-31T00:00:00,2027-01-07T00:00:00,0,Rigging & Scaffolding Crew,Day shift,"{""id"":""E1077"",""name"":""Riley Singh""}",Dogman,Rigging & Scaffolding,8/6 FIFO,Day
Swing 11 - Night shift,2027-01-14T00:00:00,2027-01-21T00:00:00,0,Rigging & Scaffolding Crew,Night shift,"{""id"":""E1077"",""name"":""Riley Singh""}",Dogman,Rigging & Scaffolding,8/6 FIFO,Night
Swing 12 - Day shift,2027-01-28T00:00:00,2027-02-04T00:00:00,0,Rigging & Scaffolding Crew,Day shift,"{""id"":""E1077"",""name"":""Riley Singh""}",Dogman,Rigging & Scaffolding,8/6 FIFO,Day
Swing 13 - Night shift,2027-02-11T00:00:00,2027-02-18T00:00:00,0,Rigging & Scaffolding Crew,Night shift,"{""id"":""E1077"",""name"":""Riley Singh""}",Dogman,Rigging & Scaffolding,8/6 FIFO,Night
Swing 14 - Day shift,2027-02-25T00:00:00,2027-03-04T00:00:00,0,Rigging & Scaffolding Crew,Day shift,"{""id"":""E1077"",""name"":""Riley Singh""}",Dogman,Rigging & Scaffolding,8/6 FIFO,Day
Swing 15 - Night shift,2027-03-11T00:00:00,2027-03-15T00:00:00,0,Rigging & Scaffolding Crew,Night shift,"{""id"":""E1077"",""name"":""Riley Singh""}",Dogman,Rigging & Scaffolding,8/6 FIFO,Night
Swing 1 - Day shift,2026-09-07T00:00:00,2026-09-11T00:00:00,100,Rigging & Scaffolding Crew,Day shift,"{""id"":""E1078"",""name"":""Arjun Hall""}",Crane Operator,Rigging & Scaffolding,5/2 Residential,Day
Swing 2 - Day shift,2026-09-14T00:00:00,2026-09-18T00:00:00,60,Rigging & Scaffolding Crew,Day shift,"{""id"":""E1078"",""name"":""Arjun Hall""}",Crane Operator,Rigging & Scaffolding,5/2 Residential,Day
Swing 3 - Day shift,2026-09-21T00:00:00,2026-09-25T00:00:00,0,Rigging & Scaffolding Crew,Day shift,"{""id"":""E1078"",""name"":""Arjun Hall""}",Crane Operator,Rigging & Scaffolding,5/2 Residential,Day
Swing 4 - Day shift,2026-09-28T00:00:00,2026-10-02T00:00:00,0,Rigging & Scaffolding Crew,Day shift,"{""id"":""E1078"",""name"":""Arjun Hall""}",Crane Operator,Rigging & Scaffolding,5/2 Residential,Day
Swing 5 - Day shift,2026-10-05T00:00:00,2026-10-09T00:00:00,0,Rigging & Scaffolding Crew,Day shift,"{""id"":""E1078"",""name"":""Arjun Hall""}",Crane Operator,Rigging & Scaffolding,5/2 Residential,Day
Swing 6 - Day shift,2026-10-12T00:00:00,2026-10-16T00:00:00,0,Rigging & Scaffolding Crew,Day shift,"{""id"":""E1078"",""name"":""Arjun Hall""}",Crane Operator,Rigging & Scaffolding,5/2 Residential,Day
Swing 7 - Day shift,2026-10-19T00:00:00,2026-10-23T00:00:00,0,Rigging & Scaffolding Crew,Day shift,"{""id"":""E1078"",""name"":""Arjun Hall""}",Crane Operator,Rigging & Scaffolding,5/2 Residential,Day
Swing 8 - Day shift,2026-10-26T00:00:00,2026-10-30T00:00:00,0,Rigging & Scaffolding Crew,Day shift,"{""id"":""E1078"",""name"":""Arjun Hall""}",Crane Operator,Rigging & Scaffolding,5/2 Residential,Day
Swing 9 - Day shift,2026-11-02T00:00:00,2026-11-06T00:00:00,0,Rigging & Scaffolding Crew,Day shift,"{""id"":""E1078"",""name"":""Arjun Hall""}",Crane Operator,Rigging & Scaffolding,5/2 Residential,Day
Swing 10 - Day shift,2026-11-09T00:00:00,2026-11-13T00:00:00,0,Rigging & Scaffolding Crew,Day shift,"{""id"":""E1078"",""name"":""Arjun Hall""}",Crane Operator,Rigging & Scaffolding,5/2 Residential,Day
Swing 11 - Day shift,2026-11-16T00:00:00,2026-11-20T00:00:00,0,Rigging & Scaffolding Crew,Day shift,"{""id"":""E1078"",""name"":""Arjun Hall""}",Crane Operator,Rigging & Scaffolding,5/2 Residential,Day
Swing 12 - Day shift,2026-11-23T00:00:00,2026-11-27T00:00:00,0,Rigging & Scaffolding Crew,Day shift,"{""id"":""E1078"",""name"":""Arjun Hall""}",Crane Operator,Rigging & Scaffolding,5/2 Residential,Day
Swing 13 - Day shift,2026-11-30T00:00:00,2026-12-04T00:00:00,0,Rigging & Scaffolding Crew,Day shift,"{""id"":""E1078"",""name"":""Arjun Hall""}",Crane Operator,Rigging & Scaffolding,5/2 Residential,Day
Swing 14 - Day shift,2026-12-07T00:00:00,2026-12-11T00:00:00,0,Rigging & Scaffolding Crew,Day shift,"{""id"":""E1078"",""name"":""Arjun Hall""}",Crane Operator,Rigging & Scaffolding,5/2 Residential,Day
Swing 15 - Day shift,2026-12-14T00:00:00,2026-12-18T00:00:00,0,Rigging & Scaffolding Crew,Day shift,"{""id"":""E1078"",""name"":""Arjun Hall""}",Crane Operator,Rigging & Scaffolding,5/2 Residential,Day
Swing 16 - Day shift,2026-12-21T00:00:00,2026-12-25T00:00:00,0,Rigging & Scaffolding Crew,Day shift,"{""id"":""E1078"",""name"":""Arjun Hall""}",Crane Operator,Rigging & Scaffolding,5/2 Residential,Day
Swing 17 - Day shift,2026-12-28T00:00:00,2027-01-01T00:00:00,0,Rigging & Scaffolding Crew,Day shift,"{""id"":""E1078"",""name"":""Arjun Hall""}",Crane Operator,Rigging & Scaffolding,5/2 Residential,Day
Swing 18 - Day shift,2027-01-04T00:00:00,2027-01-08T00:00:00,0,Rigging & Scaffolding Crew,Day shift,"{""id"":""E1078"",""name"":""Arjun Hall""}",Crane Operator,Rigging & Scaffolding,5/2 Residential,Day
Swing 19 - Day shift,2027-01-11T00:00:00,2027-01-15T00:00:00,0,Rigging & Scaffolding Crew,Day shift,"{""id"":""E1078"",""name"":""Arjun Hall""}",Crane Operator,Rigging & Scaffolding,5/2 Residential,Day
Swing 20 - Day shift,2027-01-18T00:00:00,2027-01-22T00:00:00,0,Rigging & Scaffolding Crew,Day shift,"{""id"":""E1078"",""name"":""Arjun Hall""}",Crane Operator,Rigging & Scaffolding,5/2 Residential,Day
Swing 21 - Day shift,2027-01-25T00:00:00,2027-01-29T00:00:00,0,Rigging & Scaffolding Crew,Day shift,"{""id"":""E1078"",""name"":""Arjun Hall""}",Crane Operator,Rigging & Scaffolding,5/2 Residential,Day
Swing 22 - Day shift,2027-02-01T00:00:00,2027-02-05T00:00:00,0,Rigging & Scaffolding Crew,Day shift,"{""id"":""E1078"",""name"":""Arjun Hall""}",Crane Operator,Rigging & Scaffolding,5/2 Residential,Day
Swing 23 - Day shift,2027-02-08T00:00:00,2027-02-12T00:00:00,0,Rigging & Scaffolding Crew,Day shift,"{""id"":""E1078"",""name"":""Arjun Hall""}",Crane Operator,Rigging & Scaffolding,5/2 Residential,Day
Swing 24 - Day shift,2027-02-15T00:00:00,2027-02-19T00:00:00,0,Rigging & Scaffolding Crew,Day shift,"{""id"":""E1078"",""name"":""Arjun Hall""}",Crane Operator,Rigging & Scaffolding,5/2 Residential,Day
Swing 25 - Day shift,2027-02-22T00:00:00,2027-02-26T00:00:00,0,Rigging & Scaffolding Crew,Day shift,"{""id"":""E1078"",""name"":""Arjun Hall""}",Crane Operator,Rigging & Scaffolding,5/2 Residential,Day
Swing 26 - Day shift,2027-03-01T00:00:00,2027-03-05T00:00:00,0,Rigging & Scaffolding Crew,Day shift,"{""id"":""E1078"",""name"":""Arjun Hall""}",Crane Operator,Rigging & Scaffolding,5/2 Residential,Day
Swing 27 - Day shift,2027-03-08T00:00:00,2027-03-12T00:00:00,0,Rigging & Scaffolding Crew,Day shift,"{""id"":""E1078"",""name"":""Arjun Hall""}",Crane Operator,Rigging & Scaffolding,5/2 Residential,Day
Swing 28 - Day shift,2027-03-15T00:00:00,2027-03-15T00:00:00,0,Rigging & Scaffolding Crew,Day shift,"{""id"":""E1078"",""name"":""Arjun Hall""}",Crane Operator,Rigging & Scaffolding,5/2 Residential,Day
Swing 1 - Night shift,2026-09-02T00:00:00,2026-09-09T00:00:00,100,Rigging & Scaffolding Crew,Night shift,"{""id"":""E1079"",""name"":""Ravi Williams""}",Rigger,Rigging & Scaffolding,8/6 FIFO,Night
Swing 2 - Day shift,2026-09-16T00:00:00,2026-09-23T00:00:00,0,Rigging & Scaffolding Crew,Day shift,"{""id"":""E1079"",""name"":""Ravi Williams""}",Rigger,Rigging & Scaffolding,8/6 FIFO,Day
Swing 3 - Night shift,2026-09-30T00:00:00,2026-10-07T00:00:00,0,Rigging & Scaffolding Crew,Night shift,"{""id"":""E1079"",""name"":""Ravi Williams""}",Rigger,Rigging & Scaffolding,8/6 FIFO,Night
Swing 4 - Day shift,2026-10-14T00:00:00,2026-10-21T00:00:00,0,Rigging & Scaffolding Crew,Day shift,"{""id"":""E1079"",""name"":""Ravi Williams""}",Rigger,Rigging & Scaffolding,8/6 FIFO,Day
Swing 5 - Night shift,2026-10-28T00:00:00,2026-11-04T00:00:00,0,Rigging & Scaffolding Crew,Night shift,"{""id"":""E1079"",""name"":""Ravi Williams""}",Rigger,Rigging & Scaffolding,8/6 FIFO,Night
Swing 6 - Day shift,2026-11-11T00:00:00,2026-11-18T00:00:00,0,Rigging & Scaffolding Crew,Day shift,"{""id"":""E1079"",""name"":""Ravi Williams""}",Rigger,Rigging & Scaffolding,8/6 FIFO,Day
Swing 7 - Night shift,2026-11-25T00:00:00,2026-12-02T00:00:00,0,Rigging & Scaffolding Crew,Night shift,"{""id"":""E1079"",""name"":""Ravi Williams""}",Rigger,Rigging & Scaffolding,8/6 FIFO,Night
Swing 8 - Day shift,2026-12-09T00:00:00,2026-12-16T00:00:00,0,Rigging & Scaffolding Crew,Day shift,"{""id"":""E1079"",""name"":""Ravi Williams""}",Rigger,Rigging & Scaffolding,8/6 FIFO,Day
Swing 9 - Night shift,2026-12-23T00:00:00,2026-12-30T00:00:00,0,Rigging & Scaffolding Crew,Night shift,"{""id"":""E1079"",""name"":""Ravi Williams""}",Rigger,Rigging & Scaffolding,8/6 FIFO,Night
Swing 10 - Day shift,2027-01-06T00:00:00,2027-01-13T00:00:00,0,Rigging & Scaffolding Crew,Day shift,"{""id"":""E1079"",""name"":""Ravi Williams""}",Rigger,Rigging & Scaffolding,8/6 FIFO,Day
Swing 11 - Night shift,2027-01-20T00:00:00,2027-01-27T00:00:00,0,Rigging & Scaffolding Crew,Night shift,"{""id"":""E1079"",""name"":""Ravi Williams""}",Rigger,Rigging & Scaffolding,8/6 FIFO,Night
Swing 12 - Day shift,2027-02-03T00:00:00,2027-02-10T00:00:00,0,Rigging & Scaffolding Crew,Day shift,"{""id"":""E1079"",""name"":""Ravi Williams""}",Rigger,Rigging & Scaffolding,8/6 FIFO,Day
Swing 13 - Night shift,2027-02-17T00:00:00,2027-02-24T00:00:00,0,Rigging & Scaffolding Crew,Night shift,"{""id"":""E1079"",""name"":""Ravi Williams""}",Rigger,Rigging & Scaffolding,8/6 FIFO,Night
Swing 14 - Day shift,2027-03-03T00:00:00,2027-03-10T00:00:00,0,Rigging & Scaffolding Crew,Day shift,"{""id"":""E1079"",""name"":""Ravi Williams""}",Rigger,Rigging & Scaffolding,8/6 FIFO,Day
Swing 1 - Day shift,2026-09-07T00:00:00,2026-09-11T00:00:00,100,Rigging & Scaffolding Crew,Day shift,"{""id"":""E1080"",""name"":""Evie Roberts""}",Rigger,Rigging & Scaffolding,5/2 Residential,Day
Swing 2 - Day shift,2026-09-14T00:00:00,2026-09-18T00:00:00,60,Rigging & Scaffolding Crew,Day shift,"{""id"":""E1080"",""name"":""Evie Roberts""}",Rigger,Rigging & Scaffolding,5/2 Residential,Day
Swing 3 - Day shift,2026-09-21T00:00:00,2026-09-25T00:00:00,0,Rigging & Scaffolding Crew,Day shift,"{""id"":""E1080"",""name"":""Evie Roberts""}",Rigger,Rigging & Scaffolding,5/2 Residential,Day
Swing 4 - Day shift,2026-09-28T00:00:00,2026-10-02T00:00:00,0,Rigging & Scaffolding Crew,Day shift,"{""id"":""E1080"",""name"":""Evie Roberts""}",Rigger,Rigging & Scaffolding,5/2 Residential,Day
Swing 5 - Day shift,2026-10-05T00:00:00,2026-10-09T00:00:00,0,Rigging & Scaffolding Crew,Day shift,"{""id"":""E1080"",""name"":""Evie Roberts""}",Rigger,Rigging & Scaffolding,5/2 Residential,Day
Swing 6 - Day shift,2026-10-12T00:00:00,2026-10-16T00:00:00,0,Rigging & Scaffolding Crew,Day shift,"{""id"":""E1080"",""name"":""Evie Roberts""}",Rigger,Rigging & Scaffolding,5/2 Residential,Day
Swing 7 - Day shift,2026-10-19T00:00:00,2026-10-23T00:00:00,0,Rigging & Scaffolding Crew,Day shift,"{""id"":""E1080"",""name"":""Evie Roberts""}",Rigger,Rigging & Scaffolding,5/2 Residential,Day
Swing 8 - Day shift,2026-10-26T00:00:00,2026-10-30T00:00:00,0,Rigging & Scaffolding Crew,Day shift,"{""id"":""E1080"",""name"":""Evie Roberts""}",Rigger,Rigging & Scaffolding,5/2 Residential,Day
Swing 9 - Day shift,2026-11-02T00:00:00,2026-11-06T00:00:00,0,Rigging & Scaffolding Crew,Day shift,"{""id"":""E1080"",""name"":""Evie Roberts""}",Rigger,Rigging & Scaffolding,5/2 Residential,Day
Swing 10 - Day shift,2026-11-09T00:00:00,2026-11-13T00:00:00,0,Rigging & Scaffolding Crew,Day shift,"{""id"":""E1080"",""name"":""Evie Roberts""}",Rigger,Rigging & Scaffolding,5/2 Residential,Day
Swing 11 - Day shift,2026-11-16T00:00:00,2026-11-20T00:00:00,0,Rigging & Scaffolding Crew,Day shift,"{""id"":""E1080"",""name"":""Evie Roberts""}",Rigger,Rigging & Scaffolding,5/2 Residential,Day
Swing 12 - Day shift,2026-11-23T00:00:00,2026-11-27T00:00:00,0,Rigging & Scaffolding Crew,Day shift,"{""id"":""E1080"",""name"":""Evie Roberts""}",Rigger,Rigging & Scaffolding,5/2 Residential,Day
Swing 13 - Day shift,2026-11-30T00:00:00,2026-12-04T00:00:00,0,Rigging & Scaffolding Crew,Day shift,"{""id"":""E1080"",""name"":""Evie Roberts""}",Rigger,Rigging & Scaffolding,5/2 Residential,Day
Swing 14 - Day shift,2026-12-07T00:00:00,2026-12-11T00:00:00,0,Rigging & Scaffolding Crew,Day shift,"{""id"":""E1080"",""name"":""Evie Roberts""}",Rigger,Rigging & Scaffolding,5/2 Residential,Day
Swing 15 - Day shift,2026-12-14T00:00:00,2026-12-18T00:00:00,0,Rigging & Scaffolding Crew,Day shift,"{""id"":""E1080"",""name"":""Evie Roberts""}",Rigger,Rigging & Scaffolding,5/2 Residential,Day
Swing 16 - Day shift,2026-12-21T00:00:00,2026-12-25T00:00:00,0,Rigging & Scaffolding Crew,Day shift,"{""id"":""E1080"",""name"":""Evie Roberts""}",Rigger,Rigging & Scaffolding,5/2 Residential,Day
Swing 17 - Day shift,2026-12-28T00:00:00,2027-01-01T00:00:00,0,Rigging & Scaffolding Crew,Day shift,"{""id"":""E1080"",""name"":""Evie Roberts""}",Rigger,Rigging & Scaffolding,5/2 Residential,Day
Swing 18 - Day shift,2027-01-04T00:00:00,2027-01-08T00:00:00,0,Rigging & Scaffolding Crew,Day shift,"{""id"":""E1080"",""name"":""Evie Roberts""}",Rigger,Rigging & Scaffolding,5/2 Residential,Day
Swing 19 - Day shift,2027-01-11T00:00:00,2027-01-15T00:00:00,0,Rigging & Scaffolding Crew,Day shift,"{""id"":""E1080"",""name"":""Evie Roberts""}",Rigger,Rigging & Scaffolding,5/2 Residential,Day
Swing 20 - Day shift,2027-01-18T00:00:00,2027-01-22T00:00:00,0,Rigging & Scaffolding Crew,Day shift,"{""id"":""E1080"",""name"":""Evie Roberts""}",Rigger,Rigging & Scaffolding,5/2 Residential,Day
Swing 21 - Day shift,2027-01-25T00:00:00,2027-01-29T00:00:00,0,Rigging & Scaffolding Crew,Day shift,"{""id"":""E1080"",""name"":""Evie Roberts""}",Rigger,Rigging & Scaffolding,5/2 Residential,Day
Swing 22 - Day shift,2027-02-01T00:00:00,2027-02-05T00:00:00,0,Rigging & Scaffolding Crew,Day shift,"{""id"":""E1080"",""name"":""Evie Roberts""}",Rigger,Rigging & Scaffolding,5/2 Residential,Day
Swing 23 - Day shift,2027-02-08T00:00:00,2027-02-12T00:00:00,0,Rigging & Scaffolding Crew,Day shift,"{""id"":""E1080"",""name"":""Evie Roberts""}",Rigger,Rigging & Scaffolding,5/2 Residential,Day
Swing 24 - Day shift,2027-02-15T00:00:00,2027-02-19T00:00:00,0,Rigging & Scaffolding Crew,Day shift,"{""id"":""E1080"",""name"":""Evie Roberts""}",Rigger,Rigging & Scaffolding,5/2 Residential,Day
Swing 25 - Day shift,2027-02-22T00:00:00,2027-02-26T00:00:00,0,Rigging & Scaffolding Crew,Day shift,"{""id"":""E1080"",""name"":""Evie Roberts""}",Rigger,Rigging & Scaffolding,5/2 Residential,Day
Swing 26 - Day shift,2027-03-01T00:00:00,2027-03-05T00:00:00,0,Rigging & Scaffolding Crew,Day shift,"{""id"":""E1080"",""name"":""Evie Roberts""}",Rigger,Rigging & Scaffolding,5/2 Residential,Day
Swing 27 - Day shift,2027-03-08T00:00:00,2027-03-12T00:00:00,0,Rigging & Scaffolding Crew,Day shift,"{""id"":""E1080"",""name"":""Evie Roberts""}",Rigger,Rigging & Scaffolding,5/2 Residential,Day
Swing 28 - Day shift,2027-03-15T00:00:00,2027-03-15T00:00:00,0,Rigging & Scaffolding Crew,Day shift,"{""id"":""E1080"",""name"":""Evie Roberts""}",Rigger,Rigging & Scaffolding,5/2 Residential,Day
Swing 1 - Night shift,2026-09-05T00:00:00,2026-09-12T00:00:00,100,Rigging & Scaffolding Crew,Night shift,"{""id"":""E1081"",""name"":""Mateo Hall""}",Advanced Scaffolder,Rigging & Scaffolding,8/6 FIFO,Night
Swing 2 - Day shift,2026-09-19T00:00:00,2026-09-26T00:00:00,0,Rigging & Scaffolding Crew,Day shift,"{""id"":""E1081"",""name"":""Mateo Hall""}",Advanced Scaffolder,Rigging & Scaffolding,8/6 FIFO,Day
Swing 3 - Night shift,2026-10-03T00:00:00,2026-10-10T00:00:00,0,Rigging & Scaffolding Crew,Night shift,"{""id"":""E1081"",""name"":""Mateo Hall""}",Advanced Scaffolder,Rigging & Scaffolding,8/6 FIFO,Night
Swing 4 - Day shift,2026-10-17T00:00:00,2026-10-24T00:00:00,0,Rigging & Scaffolding Crew,Day shift,"{""id"":""E1081"",""name"":""Mateo Hall""}",Advanced Scaffolder,Rigging & Scaffolding,8/6 FIFO,Day
Swing 5 - Night shift,2026-10-31T00:00:00,2026-11-07T00:00:00,0,Rigging & Scaffolding Crew,Night shift,"{""id"":""E1081"",""name"":""Mateo Hall""}",Advanced Scaffolder,Rigging & Scaffolding,8/6 FIFO,Night
Swing 6 - Day shift,2026-11-14T00:00:00,2026-11-21T00:00:00,0,Rigging & Scaffolding Crew,Day shift,"{""id"":""E1081"",""name"":""Mateo Hall""}",Advanced Scaffolder,Rigging & Scaffolding,8/6 FIFO,Day
Swing 7 - Night shift,2026-11-28T00:00:00,2026-12-05T00:00:00,0,Rigging & Scaffolding Crew,Night shift,"{""id"":""E1081"",""name"":""Mateo Hall""}",Advanced Scaffolder,Rigging & Scaffolding,8/6 FIFO,Night
Swing 8 - Day shift,2026-12-12T00:00:00,2026-12-19T00:00:00,0,Rigging & Scaffolding Crew,Day shift,"{""id"":""E1081"",""name"":""Mateo Hall""}",Advanced Scaffolder,Rigging & Scaffolding,8/6 FIFO,Day
Swing 9 - Night shift,2026-12-26T00:00:00,2027-01-02T00:00:00,0,Rigging & Scaffolding Crew,Night shift,"{""id"":""E1081"",""name"":""Mateo Hall""}",Advanced Scaffolder,Rigging & Scaffolding,8/6 FIFO,Night
Swing 10 - Day shift,2027-01-09T00:00:00,2027-01-16T00:00:00,0,Rigging & Scaffolding Crew,Day shift,"{""id"":""E1081"",""name"":""Mateo Hall""}",Advanced Scaffolder,Rigging & Scaffolding,8/6 FIFO,Day
Swing 11 - Night shift,2027-01-23T00:00:00,2027-01-30T00:00:00,0,Rigging & Scaffolding Crew,Night shift,"{""id"":""E1081"",""name"":""Mateo Hall""}",Advanced Scaffolder,Rigging & Scaffolding,8/6 FIFO,Night
Swing 12 - Day shift,2027-02-06T00:00:00,2027-02-13T00:00:00,0,Rigging & Scaffolding Crew,Day shift,"{""id"":""E1081"",""name"":""Mateo Hall""}",Advanced Scaffolder,Rigging & Scaffolding,8/6 FIFO,Day
Swing 13 - Night shift,2027-02-20T00:00:00,2027-02-27T00:00:00,0,Rigging & Scaffolding Crew,Night shift,"{""id"":""E1081"",""name"":""Mateo Hall""}",Advanced Scaffolder,Rigging & Scaffolding,8/6 FIFO,Night
Swing 14 - Day shift,2027-03-06T00:00:00,2027-03-13T00:00:00,0,Rigging & Scaffolding Crew,Day shift,"{""id"":""E1081"",""name"":""Mateo Hall""}",Advanced Scaffolder,Rigging & Scaffolding,8/6 FIFO,Day
Sick leave,2026-09-25T00:00:00,2026-09-25T00:00:00,0,Rigging & Scaffolding Crew,Leave,"{""id"":""E1081"",""name"":""Mateo Hall""}",Advanced Scaffolder,Rigging & Scaffolding,8/6 FIFO,
Annual leave,2027-02-24T00:00:00,2027-03-09T00:00:00,0,Rigging & Scaffolding Crew,Leave,"{""id"":""E1081"",""name"":""Mateo Hall""}",Advanced Scaffolder,Rigging & Scaffolding,8/6 FIFO,
Swing 1 - Night shift,2026-09-07T00:00:00,2026-09-11T00:00:00,100,Rigging & Scaffolding Crew,Night shift,"{""id"":""E1082"",""name"":""Aroha Ryan""}",Advanced Scaffolder,Rigging & Scaffolding,5/2 Residential,Night
Swing 2 - Night shift,2026-09-14T00:00:00,2026-09-18T00:00:00,60,Rigging & Scaffolding Crew,Night shift,"{""id"":""E1082"",""name"":""Aroha Ryan""}",Advanced Scaffolder,Rigging & Scaffolding,5/2 Residential,Night
Swing 3 - Night shift,2026-09-21T00:00:00,2026-09-25T00:00:00,0,Rigging & Scaffolding Crew,Night shift,"{""id"":""E1082"",""name"":""Aroha Ryan""}",Advanced Scaffolder,Rigging & Scaffolding,5/2 Residential,Night
Swing 4 - Night shift,2026-09-28T00:00:00,2026-10-02T00:00:00,0,Rigging & Scaffolding Crew,Night shift,"{""id"":""E1082"",""name"":""Aroha Ryan""}",Advanced Scaffolder,Rigging & Scaffolding,5/2 Residential,Night
Swing 5 - Night shift,2026-10-05T00:00:00,2026-10-09T00:00:00,0,Rigging & Scaffolding Crew,Night shift,"{""id"":""E1082"",""name"":""Aroha Ryan""}",Advanced Scaffolder,Rigging & Scaffolding,5/2 Residential,Night
Swing 6 - Night shift,2026-10-12T00:00:00,2026-10-16T00:00:00,0,Rigging & Scaffolding Crew,Night shift,"{""id"":""E1082"",""name"":""Aroha Ryan""}",Advanced Scaffolder,Rigging & Scaffolding,5/2 Residential,Night
Swing 7 - Night shift,2026-10-19T00:00:00,2026-10-23T00:00:00,0,Rigging & Scaffolding Crew,Night shift,"{""id"":""E1082"",""name"":""Aroha Ryan""}",Advanced Scaffolder,Rigging & Scaffolding,5/2 Residential,Night
Swing 8 - Night shift,2026-10-26T00:00:00,2026-10-30T00:00:00,0,Rigging & Scaffolding Crew,Night shift,"{""id"":""E1082"",""name"":""Aroha Ryan""}",Advanced Scaffolder,Rigging & Scaffolding,5/2 Residential,Night
Swing 9 - Night shift,2026-11-02T00:00:00,2026-11-06T00:00:00,0,Rigging & Scaffolding Crew,Night shift,"{""id"":""E1082"",""name"":""Aroha Ryan""}",Advanced Scaffolder,Rigging & Scaffolding,5/2 Residential,Night
Swing 10 - Night shift,2026-11-09T00:00:00,2026-11-13T00:00:00,0,Rigging & Scaffolding Crew,Night shift,"{""id"":""E1082"",""name"":""Aroha Ryan""}",Advanced Scaffolder,Rigging & Scaffolding,5/2 Residential,Night
Swing 11 - Night shift,2026-11-16T00:00:00,2026-11-20T00:00:00,0,Rigging & Scaffolding Crew,Night shift,"{""id"":""E1082"",""name"":""Aroha Ryan""}",Advanced Scaffolder,Rigging & Scaffolding,5/2 Residential,Night
Swing 12 - Night shift,2026-11-23T00:00:00,2026-11-27T00:00:00,0,Rigging & Scaffolding Crew,Night shift,"{""id"":""E1082"",""name"":""Aroha Ryan""}",Advanced Scaffolder,Rigging & Scaffolding,5/2 Residential,Night
Swing 13 - Night shift,2026-11-30T00:00:00,2026-12-04T00:00:00,0,Rigging & Scaffolding Crew,Night shift,"{""id"":""E1082"",""name"":""Aroha Ryan""}",Advanced Scaffolder,Rigging & Scaffolding,5/2 Residential,Night
Swing 14 - Night shift,2026-12-07T00:00:00,2026-12-11T00:00:00,0,Rigging & Scaffolding Crew,Night shift,"{""id"":""E1082"",""name"":""Aroha Ryan""}",Advanced Scaffolder,Rigging & Scaffolding,5/2 Residential,Night
Swing 15 - Night shift,2026-12-14T00:00:00,2026-12-18T00:00:00,0,Rigging & Scaffolding Crew,Night shift,"{""id"":""E1082"",""name"":""Aroha Ryan""}",Advanced Scaffolder,Rigging & Scaffolding,5/2 Residential,Night
Swing 16 - Night shift,2026-12-21T00:00:00,2026-12-25T00:00:00,0,Rigging & Scaffolding Crew,Night shift,"{""id"":""E1082"",""name"":""Aroha Ryan""}",Advanced Scaffolder,Rigging & Scaffolding,5/2 Residential,Night
Swing 17 - Night shift,2026-12-28T00:00:00,2027-01-01T00:00:00,0,Rigging & Scaffolding Crew,Night shift,"{""id"":""E1082"",""name"":""Aroha Ryan""}",Advanced Scaffolder,Rigging & Scaffolding,5/2 Residential,Night
Swing 18 - Night shift,2027-01-04T00:00:00,2027-01-08T00:00:00,0,Rigging & Scaffolding Crew,Night shift,"{""id"":""E1082"",""name"":""Aroha Ryan""}",Advanced Scaffolder,Rigging & Scaffolding,5/2 Residential,Night
Swing 19 - Night shift,2027-01-11T00:00:00,2027-01-15T00:00:00,0,Rigging & Scaffolding Crew,Night shift,"{""id"":""E1082"",""name"":""Aroha Ryan""}",Advanced Scaffolder,Rigging & Scaffolding,5/2 Residential,Night
Swing 20 - Night shift,2027-01-18T00:00:00,2027-01-22T00:00:00,0,Rigging & Scaffolding Crew,Night shift,"{""id"":""E1082"",""name"":""Aroha Ryan""}",Advanced Scaffolder,Rigging & Scaffolding,5/2 Residential,Night
Swing 21 - Night shift,2027-01-25T00:00:00,2027-01-29T00:00:00,0,Rigging & Scaffolding Crew,Night shift,"{""id"":""E1082"",""name"":""Aroha Ryan""}",Advanced Scaffolder,Rigging & Scaffolding,5/2 Residential,Night
Swing 22 - Night shift,2027-02-01T00:00:00,2027-02-05T00:00:00,0,Rigging & Scaffolding Crew,Night shift,"{""id"":""E1082"",""name"":""Aroha Ryan""}",Advanced Scaffolder,Rigging & Scaffolding,5/2 Residential,Night
Swing 23 - Night shift,2027-02-08T00:00:00,2027-02-12T00:00:00,0,Rigging & Scaffolding Crew,Night shift,"{""id"":""E1082"",""name"":""Aroha Ryan""}",Advanced Scaffolder,Rigging & Scaffolding,5/2 Residential,Night
Swing 24 - Night shift,2027-02-15T00:00:00,2027-02-19T00:00:00,0,Rigging & Scaffolding Crew,Night shift,"{""id"":""E1082"",""name"":""Aroha Ryan""}",Advanced Scaffolder,Rigging & Scaffolding,5/2 Residential,Night
Swing 25 - Night shift,2027-02-22T00:00:00,2027-02-26T00:00:00,0,Rigging & Scaffolding Crew,Night shift,"{""id"":""E1082"",""name"":""Aroha Ryan""}",Advanced Scaffolder,Rigging & Scaffolding,5/2 Residential,Night
Swing 26 - Night shift,2027-03-01T00:00:00,2027-03-05T00:00:00,0,Rigging & Scaffolding Crew,Night shift,"{""id"":""E1082"",""name"":""Aroha Ryan""}",Advanced Scaffolder,Rigging & Scaffolding,5/2 Residential,Night
Swing 27 - Night shift,2027-03-08T00:00:00,2027-03-12T00:00:00,0,Rigging & Scaffolding Crew,Night shift,"{""id"":""E1082"",""name"":""Aroha Ryan""}",Advanced Scaffolder,Rigging & Scaffolding,5/2 Residential,Night
Swing 28 - Night shift,2027-03-15T00:00:00,2027-03-15T00:00:00,0,Rigging & Scaffolding Crew,Night shift,"{""id"":""E1082"",""name"":""Aroha Ryan""}",Advanced Scaffolder,Rigging & Scaffolding,5/2 Residential,Night
Swing 1 - Day shift,2026-09-02T00:00:00,2026-09-02T00:00:00,100,Rigging & Scaffolding Crew,Day shift,"{""id"":""E1083"",""name"":""Jack Anderson""}",Advanced Scaffolder,Rigging & Scaffolding,7/7 DIDO,Day
Swing 2 - Night shift,2026-09-10T00:00:00,2026-09-16T00:00:00,100,Rigging & Scaffolding Crew,Night shift,"{""id"":""E1083"",""name"":""Jack Anderson""}",Advanced Scaffolder,Rigging & Scaffolding,7/7 DIDO,Night
Annual leave,2026-09-24T00:00:00,2026-09-30T00:00:00,0,Rigging & Scaffolding Crew,Leave,"{""id"":""E1083"",""name"":""Jack Anderson""}",Advanced Scaffolder,Rigging & Scaffolding,7/7 DIDO,
Swing 4 - Day shift,2026-10-08T00:00:00,2026-10-14T00:00:00,0,Rigging & Scaffolding Crew,Day shift,"{""id"":""E1083"",""name"":""Jack Anderson""}",Advanced Scaffolder,Rigging & Scaffolding,7/7 DIDO,Day
Swing 5 - Night shift,2026-10-22T00:00:00,2026-10-28T00:00:00,0,Rigging & Scaffolding Crew,Night shift,"{""id"":""E1083"",""name"":""Jack Anderson""}",Advanced Scaffolder,Rigging & Scaffolding,7/7 DIDO,Night
Swing 6 - Day shift,2026-11-05T00:00:00,2026-11-11T00:00:00,0,Rigging & Scaffolding Crew,Day shift,"{""id"":""E1083"",""name"":""Jack Anderson""}",Advanced Scaffolder,Rigging & Scaffolding,7/7 DIDO,Day
Swing 7 - Night shift,2026-11-19T00:00:00,2026-11-25T00:00:00,0,Rigging & Scaffolding Crew,Night shift,"{""id"":""E1083"",""name"":""Jack Anderson""}",Advanced Scaffolder,Rigging & Scaffolding,7/7 DIDO,Night
Swing 8 - Day shift,2026-12-03T00:00:00,2026-12-09T00:00:00,0,Rigging & Scaffolding Crew,Day shift,"{""id"":""E1083"",""name"":""Jack Anderson""}",Advanced Scaffolder,Rigging & Scaffolding,7/7 DIDO,Day
Sick leave,2026-11-09T00:00:00,2026-11-09T00:00:00,0,Rigging & Scaffolding Crew,Leave,"{""id"":""E1083"",""name"":""Jack Anderson""}",Advanced Scaffolder,Rigging & Scaffolding,7/7 DIDO,
Annual leave,2026-12-06T00:00:00,2026-12-19T00:00:00,0,Rigging & Scaffolding Crew,Leave,"{""id"":""E1083"",""name"":""Jack Anderson""}",Advanced Scaffolder,Rigging & Scaffolding,7/7 DIDO,
Swing 1 - Day shift,2026-09-03T00:00:00,2026-09-09T00:00:00,100,Rigging & Scaffolding Crew,Day shift,"{""id"":""E1084"",""name"":""Linh Mensah""}",Dogman,Rigging & Scaffolding,7/7 DIDO,Day
Swing 2 - Night shift,2026-09-17T00:00:00,2026-09-23T00:00:00,0,Rigging & Scaffolding Crew,Night shift,"{""id"":""E1084"",""name"":""Linh Mensah""}",Dogman,Rigging & Scaffolding,7/7 DIDO,Night
Swing 3 - Day shift,2026-10-01T00:00:00,2026-10-07T00:00:00,0,Rigging & Scaffolding Crew,Day shift,"{""id"":""E1084"",""name"":""Linh Mensah""}",Dogman,Rigging & Scaffolding,7/7 DIDO,Day
Swing 4 - Night shift,2026-10-15T00:00:00,2026-10-21T00:00:00,0,Rigging & Scaffolding Crew,Night shift,"{""id"":""E1084"",""name"":""Linh Mensah""}",Dogman,Rigging & Scaffolding,7/7 DIDO,Night
Swing 5 - Day shift,2026-10-29T00:00:00,2026-11-04T00:00:00,0,Rigging & Scaffolding Crew,Day shift,"{""id"":""E1084"",""name"":""Linh Mensah""}",Dogman,Rigging & Scaffolding,7/7 DIDO,Day
Roster change,2026-11-24T00:00:00,2026-11-24T00:00:00,0,Rigging & Scaffolding Crew,Induction,"{""id"":""E1084"",""name"":""Linh Mensah""}",Dogman,Rigging & Scaffolding,21/7 FIFO,
Swing 6 - Night shift,2026-11-25T00:00:00,2026-12-15T00:00:00,0,Rigging & Scaffolding Crew,Night shift,"{""id"":""E1084"",""name"":""Linh Mensah""}",Dogman,Rigging & Scaffolding,21/7 FIFO,Night
Swing 7 - Day shift,2026-12-23T00:00:00,2027-01-12T00:00:00,0,Rigging & Scaffolding Crew,Day shift,"{""id"":""E1084"",""name"":""Linh Mensah""}",Dogman,Rigging & Scaffolding,21/7 FIFO,Day
Swing 8 - Night shift,2027-01-20T00:00:00,2027-02-09T00:00:00,0,Rigging & Scaffolding Crew,Night shift,"{""id"":""E1084"",""name"":""Linh Mensah""}",Dogman,Rigging & Scaffolding,21/7 FIFO,Night
Swing 9 - Day shift,2027-02-17T00:00:00,2027-03-09T00:00:00,0,Rigging & Scaffolding Crew,Day shift,"{""id"":""E1084"",""name"":""Linh Mensah""}",Dogman,Rigging & Scaffolding,21/7 FIFO,Day
Swing 1 - Day shift,2026-09-03T00:00:00,2026-09-23T00:00:00,67,Rigging & Scaffolding Crew,Day shift,"{""id"":""E1085"",""name"":""Evie Fernandes""}",Advanced Scaffolder,Rigging & Scaffolding,21/7 FIFO,Day
Swing 2 - Night shift,2026-10-01T00:00:00,2026-10-21T00:00:00,0,Rigging & Scaffolding Crew,Night shift,"{""id"":""E1085"",""name"":""Evie Fernandes""}",Advanced Scaffolder,Rigging & Scaffolding,21/7 FIFO,Night
Swing 3 - Day shift,2026-10-29T00:00:00,2026-11-18T00:00:00,0,Rigging & Scaffolding Crew,Day shift,"{""id"":""E1085"",""name"":""Evie Fernandes""}",Advanced Scaffolder,Rigging & Scaffolding,21/7 FIFO,Day
Swing 4 - Night shift,2026-11-26T00:00:00,2026-12-16T00:00:00,0,Rigging & Scaffolding Crew,Night shift,"{""id"":""E1085"",""name"":""Evie Fernandes""}",Advanced Scaffolder,Rigging & Scaffolding,21/7 FIFO,Night
Swing 5 - Day shift,2026-12-24T00:00:00,2027-01-13T00:00:00,0,Rigging & Scaffolding Crew,Day shift,"{""id"":""E1085"",""name"":""Evie Fernandes""}",Advanced Scaffolder,Rigging & Scaffolding,21/7 FIFO,Day
Swing 6 - Night shift,2027-01-21T00:00:00,2027-02-10T00:00:00,0,Rigging & Scaffolding Crew,Night shift,"{""id"":""E1085"",""name"":""Evie Fernandes""}",Advanced Scaffolder,Rigging & Scaffolding,21/7 FIFO,Night
Swing 7 - Day shift,2027-02-18T00:00:00,2027-03-10T00:00:00,0,Rigging & Scaffolding Crew,Day shift,"{""id"":""E1085"",""name"":""Evie Fernandes""}",Advanced Scaffolder,Rigging & Scaffolding,21/7 FIFO,Day
Sick leave,2027-01-31T00:00:00,2027-01-31T00:00:00,0,Rigging & Scaffolding Crew,Leave,"{""id"":""E1085"",""name"":""Evie Fernandes""}",Advanced Scaffolder,Rigging & Scaffolding,21/7 FIFO,
Swing 1 - Day shift,2026-09-08T00:00:00,2026-09-14T00:00:00,100,Rigging & Scaffolding Crew,Day shift,"{""id"":""E1086"",""name"":""Thomas Ryan""}",Advanced Scaffolder,Rigging & Scaffolding,7/7 DIDO,Day
Swing 2 - Night shift,2026-09-22T00:00:00,2026-09-28T00:00:00,0,Rigging & Scaffolding Crew,Night shift,"{""id"":""E1086"",""name"":""Thomas Ryan""}",Advanced Scaffolder,Rigging & Scaffolding,7/7 DIDO,Night
Swing 3 - Day shift,2026-10-06T00:00:00,2026-10-12T00:00:00,0,Rigging & Scaffolding Crew,Day shift,"{""id"":""E1086"",""name"":""Thomas Ryan""}",Advanced Scaffolder,Rigging & Scaffolding,7/7 DIDO,Day
Swing 4 - Night shift,2026-10-20T00:00:00,2026-10-26T00:00:00,0,Rigging & Scaffolding Crew,Night shift,"{""id"":""E1086"",""name"":""Thomas Ryan""}",Advanced Scaffolder,Rigging & Scaffolding,7/7 DIDO,Night
Swing 5 - Day shift,2026-11-03T00:00:00,2026-11-09T00:00:00,0,Rigging & Scaffolding Crew,Day shift,"{""id"":""E1086"",""name"":""Thomas Ryan""}",Advanced Scaffolder,Rigging & Scaffolding,7/7 DIDO,Day
Swing 6 - Night shift,2026-11-17T00:00:00,2026-11-23T00:00:00,0,Rigging & Scaffolding Crew,Night shift,"{""id"":""E1086"",""name"":""Thomas Ryan""}",Advanced Scaffolder,Rigging & Scaffolding,7/7 DIDO,Night
Swing 7 - Day shift,2026-12-01T00:00:00,2026-12-07T00:00:00,0,Rigging & Scaffolding Crew,Day shift,"{""id"":""E1086"",""name"":""Thomas Ryan""}",Advanced Scaffolder,Rigging & Scaffolding,7/7 DIDO,Day
Swing 8 - Night shift,2026-12-15T00:00:00,2026-12-21T00:00:00,0,Rigging & Scaffolding Crew,Night shift,"{""id"":""E1086"",""name"":""Thomas Ryan""}",Advanced Scaffolder,Rigging & Scaffolding,7/7 DIDO,Night
Swing 9 - Day shift,2026-12-29T00:00:00,2027-01-04T00:00:00,0,Rigging & Scaffolding Crew,Day shift,"{""id"":""E1086"",""name"":""Thomas Ryan""}",Advanced Scaffolder,Rigging & Scaffolding,7/7 DIDO,Day
Swing 10 - Night shift,2027-01-12T00:00:00,2027-01-18T00:00:00,0,Rigging & Scaffolding Crew,Night shift,"{""id"":""E1086"",""name"":""Thomas Ryan""}",Advanced Scaffolder,Rigging & Scaffolding,7/7 DIDO,Night
Swing 11 - Day shift,2027-01-26T00:00:00,2027-02-01T00:00:00,0,Rigging & Scaffolding Crew,Day shift,"{""id"":""E1086"",""name"":""Thomas Ryan""}",Advanced Scaffolder,Rigging & Scaffolding,7/7 DIDO,Day
Swing 12 - Night shift,2027-02-09T00:00:00,2027-02-15T00:00:00,0,Rigging & Scaffolding Crew,Night shift,"{""id"":""E1086"",""name"":""Thomas Ryan""}",Advanced Scaffolder,Rigging & Scaffolding,7/7 DIDO,Night
Swing 13 - Day shift,2027-02-23T00:00:00,2027-03-01T00:00:00,0,Rigging & Scaffolding Crew,Day shift,"{""id"":""E1086"",""name"":""Thomas Ryan""}",Advanced Scaffolder,Rigging & Scaffolding,7/7 DIDO,Day
Swing 14 - Night shift,2027-03-09T00:00:00,2027-03-15T00:00:00,0,Rigging & Scaffolding Crew,Night shift,"{""id"":""E1086"",""name"":""Thomas Ryan""}",Advanced Scaffolder,Rigging & Scaffolding,7/7 DIDO,Night
Swing 1 - Night shift,2026-09-07T00:00:00,2026-09-11T00:00:00,100,Rigging & Scaffolding Crew,Night shift,"{""id"":""E1087"",""name"":""Priya Jones""}",Dogman,Rigging & Scaffolding,5/2 Residential,Night
Swing 2 - Night shift,2026-09-14T00:00:00,2026-09-18T00:00:00,60,Rigging & Scaffolding Crew,Night shift,"{""id"":""E1087"",""name"":""Priya Jones""}",Dogman,Rigging & Scaffolding,5/2 Residential,Night
Swing 3 - Night shift,2026-09-21T00:00:00,2026-09-25T00:00:00,0,Rigging & Scaffolding Crew,Night shift,"{""id"":""E1087"",""name"":""Priya Jones""}",Dogman,Rigging & Scaffolding,5/2 Residential,Night
Swing 4 - Night shift,2026-09-28T00:00:00,2026-10-02T00:00:00,0,Rigging & Scaffolding Crew,Night shift,"{""id"":""E1087"",""name"":""Priya Jones""}",Dogman,Rigging & Scaffolding,5/2 Residential,Night
Swing 5 - Night shift,2026-10-05T00:00:00,2026-10-09T00:00:00,0,Rigging & Scaffolding Crew,Night shift,"{""id"":""E1087"",""name"":""Priya Jones""}",Dogman,Rigging & Scaffolding,5/2 Residential,Night
Swing 6 - Night shift,2026-10-12T00:00:00,2026-10-16T00:00:00,0,Rigging & Scaffolding Crew,Night shift,"{""id"":""E1087"",""name"":""Priya Jones""}",Dogman,Rigging & Scaffolding,5/2 Residential,Night
Swing 7 - Night shift,2026-10-19T00:00:00,2026-10-23T00:00:00,0,Rigging & Scaffolding Crew,Night shift,"{""id"":""E1087"",""name"":""Priya Jones""}",Dogman,Rigging & Scaffolding,5/2 Residential,Night
Swing 8 - Night shift,2026-10-26T00:00:00,2026-10-30T00:00:00,0,Rigging & Scaffolding Crew,Night shift,"{""id"":""E1087"",""name"":""Priya Jones""}",Dogman,Rigging & Scaffolding,5/2 Residential,Night
Swing 9 - Night shift,2026-11-02T00:00:00,2026-11-06T00:00:00,0,Rigging & Scaffolding Crew,Night shift,"{""id"":""E1087"",""name"":""Priya Jones""}",Dogman,Rigging & Scaffolding,5/2 Residential,Night
Swing 10 - Night shift,2026-11-09T00:00:00,2026-11-13T00:00:00,0,Rigging & Scaffolding Crew,Night shift,"{""id"":""E1087"",""name"":""Priya Jones""}",Dogman,Rigging & Scaffolding,5/2 Residential,Night
Swing 11 - Night shift,2026-11-16T00:00:00,2026-11-20T00:00:00,0,Rigging & Scaffolding Crew,Night shift,"{""id"":""E1087"",""name"":""Priya Jones""}",Dogman,Rigging & Scaffolding,5/2 Residential,Night
Swing 12 - Night shift,2026-11-23T00:00:00,2026-11-27T00:00:00,0,Rigging & Scaffolding Crew,Night shift,"{""id"":""E1087"",""name"":""Priya Jones""}",Dogman,Rigging & Scaffolding,5/2 Residential,Night
Swing 13 - Night shift,2026-11-30T00:00:00,2026-12-04T00:00:00,0,Rigging & Scaffolding Crew,Night shift,"{""id"":""E1087"",""name"":""Priya Jones""}",Dogman,Rigging & Scaffolding,5/2 Residential,Night
Swing 14 - Night shift,2026-12-07T00:00:00,2026-12-11T00:00:00,0,Rigging & Scaffolding Crew,Night shift,"{""id"":""E1087"",""name"":""Priya Jones""}",Dogman,Rigging & Scaffolding,5/2 Residential,Night
Swing 15 - Night shift,2026-12-14T00:00:00,2026-12-18T00:00:00,0,Rigging & Scaffolding Crew,Night shift,"{""id"":""E1087"",""name"":""Priya Jones""}",Dogman,Rigging & Scaffolding,5/2 Residential,Night
Swing 16 - Night shift,2026-12-21T00:00:00,2026-12-25T00:00:00,0,Rigging & Scaffolding Crew,Night shift,"{""id"":""E1087"",""name"":""Priya Jones""}",Dogman,Rigging & Scaffolding,5/2 Residential,Night
Swing 17 - Night shift,2026-12-28T00:00:00,2027-01-01T00:00:00,0,Rigging & Scaffolding Crew,Night shift,"{""id"":""E1087"",""name"":""Priya Jones""}",Dogman,Rigging & Scaffolding,5/2 Residential,Night
Swing 18 - Night shift,2027-01-04T00:00:00,2027-01-08T00:00:00,0,Rigging & Scaffolding Crew,Night shift,"{""id"":""E1087"",""name"":""Priya Jones""}",Dogman,Rigging & Scaffolding,5/2 Residential,Night
Swing 19 - Night shift,2027-01-11T00:00:00,2027-01-15T00:00:00,0,Rigging & Scaffolding Crew,Night shift,"{""id"":""E1087"",""name"":""Priya Jones""}",Dogman,Rigging & Scaffolding,5/2 Residential,Night
Swing 20 - Night shift,2027-01-18T00:00:00,2027-01-22T00:00:00,0,Rigging & Scaffolding Crew,Night shift,"{""id"":""E1087"",""name"":""Priya Jones""}",Dogman,Rigging & Scaffolding,5/2 Residential,Night
Swing 21 - Night shift,2027-01-25T00:00:00,2027-01-29T00:00:00,0,Rigging & Scaffolding Crew,Night shift,"{""id"":""E1087"",""name"":""Priya Jones""}",Dogman,Rigging & Scaffolding,5/2 Residential,Night
Swing 22 - Night shift,2027-02-01T00:00:00,2027-02-05T00:00:00,0,Rigging & Scaffolding Crew,Night shift,"{""id"":""E1087"",""name"":""Priya Jones""}",Dogman,Rigging & Scaffolding,5/2 Residential,Night
Swing 23 - Night shift,2027-02-08T00:00:00,2027-02-12T00:00:00,0,Rigging & Scaffolding Crew,Night shift,"{""id"":""E1087"",""name"":""Priya Jones""}",Dogman,Rigging & Scaffolding,5/2 Residential,Night
Swing 24 - Night shift,2027-02-15T00:00:00,2027-02-19T00:00:00,0,Rigging & Scaffolding Crew,Night shift,"{""id"":""E1087"",""name"":""Priya Jones""}",Dogman,Rigging & Scaffolding,5/2 Residential,Night
Swing 25 - Night shift,2027-02-22T00:00:00,2027-02-26T00:00:00,0,Rigging & Scaffolding Crew,Night shift,"{""id"":""E1087"",""name"":""Priya Jones""}",Dogman,Rigging & Scaffolding,5/2 Residential,Night
Swing 26 - Night shift,2027-03-01T00:00:00,2027-03-05T00:00:00,0,Rigging & Scaffolding Crew,Night shift,"{""id"":""E1087"",""name"":""Priya Jones""}",Dogman,Rigging & Scaffolding,5/2 Residential,Night
Swing 27 - Night shift,2027-03-08T00:00:00,2027-03-12T00:00:00,0,Rigging & Scaffolding Crew,Night shift,"{""id"":""E1087"",""name"":""Priya Jones""}",Dogman,Rigging & Scaffolding,5/2 Residential,Night
Swing 28 - Night shift,2027-03-15T00:00:00,2027-03-15T00:00:00,0,Rigging & Scaffolding Crew,Night shift,"{""id"":""E1087"",""name"":""Priya Jones""}",Dogman,Rigging & Scaffolding,5/2 Residential,Night
Annual leave,2026-10-07T00:00:00,2026-10-16T00:00:00,0,Rigging & Scaffolding Crew,Leave,"{""id"":""E1087"",""name"":""Priya Jones""}",Dogman,Rigging & Scaffolding,5/2 Residential,
Supervision & HSE Crew,2026-09-02T00:00:00,2027-03-15T00:00:00,8,,Crew,,,Supervision & HSE,,
Swing 1 - Day shift,2026-09-02T00:00:00,2026-09-10T00:00:00,100,Supervision & HSE Crew,Day shift,"{""id"":""E1088"",""name"":""Hamish Jones""}",Site Supervisor,Supervision & HSE,14/14 FIFO,Day
Swing 2 - Day shift,2026-09-25T00:00:00,2026-10-08T00:00:00,0,Supervision & HSE Crew,Day shift,"{""id"":""E1088"",""name"":""Hamish Jones""}",Site Supervisor,Supervision & HSE,14/14 FIFO,Day
Annual leave,2026-10-23T00:00:00,2026-11-05T00:00:00,0,Supervision & HSE Crew,Leave,"{""id"":""E1088"",""name"":""Hamish Jones""}",Site Supervisor,Supervision & HSE,14/14 FIFO,
Swing 4 - Day shift,2026-11-20T00:00:00,2026-12-03T00:00:00,0,Supervision & HSE Crew,Day shift,"{""id"":""E1088"",""name"":""Hamish Jones""}",Site Supervisor,Supervision & HSE,14/14 FIFO,Day
Swing 5 - Day shift,2026-12-18T00:00:00,2026-12-31T00:00:00,0,Supervision & HSE Crew,Day shift,"{""id"":""E1088"",""name"":""Hamish Jones""}",Site Supervisor,Supervision & HSE,14/14 FIFO,Day
Swing 6 - Day shift,2027-01-15T00:00:00,2027-01-28T00:00:00,0,Supervision & HSE Crew,Day shift,"{""id"":""E1088"",""name"":""Hamish Jones""}",Site Supervisor,Supervision & HSE,14/14 FIFO,Day
Swing 7 - Day shift,2027-02-12T00:00:00,2027-02-25T00:00:00,0,Supervision & HSE Crew,Day shift,"{""id"":""E1088"",""name"":""Hamish Jones""}",Site Supervisor,Supervision & HSE,14/14 FIFO,Day
Swing 8 - Day shift,2027-03-12T00:00:00,2027-03-15T00:00:00,0,Supervision & HSE Crew,Day shift,"{""id"":""E1088"",""name"":""Hamish Jones""}",Site Supervisor,Supervision & HSE,14/14 FIFO,Day
Site induction,2026-11-30T00:00:00,2026-11-30T00:00:00,0,Supervision & HSE Crew,Induction,"{""id"":""E1089"",""name"":""Thomas Wilson""}",HSE Advisor,Supervision & HSE,5/2 Residential,
Swing 1 - Day shift,2026-12-07T00:00:00,2026-12-11T00:00:00,0,Supervision & HSE Crew,Day shift,"{""id"":""E1089"",""name"":""Thomas Wilson""}",HSE Advisor,Supervision & HSE,5/2 Residential,Day
Swing 2 - Day shift,2026-12-14T00:00:00,2026-12-18T00:00:00,0,Supervision & HSE Crew,Day shift,"{""id"":""E1089"",""name"":""Thomas Wilson""}",HSE Advisor,Supervision & HSE,5/2 Residential,Day
Swing 3 - Day shift,2026-12-21T00:00:00,2026-12-25T00:00:00,0,Supervision & HSE Crew,Day shift,"{""id"":""E1089"",""name"":""Thomas Wilson""}",HSE Advisor,Supervision & HSE,5/2 Residential,Day
Swing 4 - Day shift,2026-12-28T00:00:00,2027-01-01T00:00:00,0,Supervision & HSE Crew,Day shift,"{""id"":""E1089"",""name"":""Thomas Wilson""}",HSE Advisor,Supervision & HSE,5/2 Residential,Day
Swing 5 - Day shift,2027-01-04T00:00:00,2027-01-08T00:00:00,0,Supervision & HSE Crew,Day shift,"{""id"":""E1089"",""name"":""Thomas Wilson""}",HSE Advisor,Supervision & HSE,5/2 Residential,Day
Swing 6 - Day shift,2027-01-11T00:00:00,2027-01-15T00:00:00,0,Supervision & HSE Crew,Day shift,"{""id"":""E1089"",""name"":""Thomas Wilson""}",HSE Advisor,Supervision & HSE,5/2 Residential,Day
Swing 7 - Day shift,2027-01-18T00:00:00,2027-01-22T00:00:00,0,Supervision & HSE Crew,Day shift,"{""id"":""E1089"",""name"":""Thomas Wilson""}",HSE Advisor,Supervision & HSE,5/2 Residential,Day
Swing 8 - Day shift,2027-01-25T00:00:00,2027-01-29T00:00:00,0,Supervision & HSE Crew,Day shift,"{""id"":""E1089"",""name"":""Thomas Wilson""}",HSE Advisor,Supervision & HSE,5/2 Residential,Day
Swing 9 - Day shift,2027-02-01T00:00:00,2027-02-05T00:00:00,0,Supervision & HSE Crew,Day shift,"{""id"":""E1089"",""name"":""Thomas Wilson""}",HSE Advisor,Supervision & HSE,5/2 Residential,Day
Swing 10 - Day shift,2027-02-08T00:00:00,2027-02-12T00:00:00,0,Supervision & HSE Crew,Day shift,"{""id"":""E1089"",""name"":""Thomas Wilson""}",HSE Advisor,Supervision & HSE,5/2 Residential,Day
Swing 11 - Day shift,2027-02-15T00:00:00,2027-02-19T00:00:00,0,Supervision & HSE Crew,Day shift,"{""id"":""E1089"",""name"":""Thomas Wilson""}",HSE Advisor,Supervision & HSE,5/2 Residential,Day
Swing 12 - Day shift,2027-02-22T00:00:00,2027-02-26T00:00:00,0,Supervision & HSE Crew,Day shift,"{""id"":""E1089"",""name"":""Thomas Wilson""}",HSE Advisor,Supervision & HSE,5/2 Residential,Day
Swing 13 - Day shift,2027-03-01T00:00:00,2027-03-05T00:00:00,0,Supervision & HSE Crew,Day shift,"{""id"":""E1089"",""name"":""Thomas Wilson""}",HSE Advisor,Supervision & HSE,5/2 Residential,Day
Swing 14 - Day shift,2027-03-08T00:00:00,2027-03-12T00:00:00,0,Supervision & HSE Crew,Day shift,"{""id"":""E1089"",""name"":""Thomas Wilson""}",HSE Advisor,Supervision & HSE,5/2 Residential,Day
Swing 15 - Day shift,2027-03-15T00:00:00,2027-03-15T00:00:00,0,Supervision & HSE Crew,Day shift,"{""id"":""E1089"",""name"":""Thomas Wilson""}",HSE Advisor,Supervision & HSE,5/2 Residential,Day
Swing 1 - Day shift,2026-09-02T00:00:00,2026-09-12T00:00:00,100,Supervision & HSE Crew,Day shift,"{""id"":""E1090"",""name"":""William Harris""}",Planner,Supervision & HSE,14/14 FIFO,Day
Annual leave,2026-09-27T00:00:00,2026-10-10T00:00:00,0,Supervision & HSE Crew,Leave,"{""id"":""E1090"",""name"":""William Harris""}",Planner,Supervision & HSE,14/14 FIFO,
Swing 3 - Day shift,2026-10-25T00:00:00,2026-11-07T00:00:00,0,Supervision & HSE Crew,Day shift,"{""id"":""E1090"",""name"":""William Harris""}",Planner,Supervision & HSE,14/14 FIFO,Day
Swing 4 - Day shift,2026-11-22T00:00:00,2026-12-05T00:00:00,0,Supervision & HSE Crew,Day shift,"{""id"":""E1090"",""name"":""William Harris""}",Planner,Supervision & HSE,14/14 FIFO,Day
Swing 5 - Day shift,2026-12-20T00:00:00,2026-12-31T00:00:00,0,Supervision & HSE Crew,Day shift,"{""id"":""E1090"",""name"":""William Harris""}",Planner,Supervision & HSE,14/14 FIFO,Day
Swing 1 - Day shift,2026-09-07T00:00:00,2026-09-11T00:00:00,100,Supervision & HSE Crew,Day shift,"{""id"":""E1091"",""name"":""Oliver Lee""}",Site Administrator,Supervision & HSE,5/2 Residential,Day
Swing 2 - Day shift,2026-09-14T00:00:00,2026-09-18T00:00:00,60,Supervision & HSE Crew,Day shift,"{""id"":""E1091"",""name"":""Oliver Lee""}",Site Administrator,Supervision & HSE,5/2 Residential,Day
Swing 3 - Day shift,2026-09-21T00:00:00,2026-09-25T00:00:00,0,Supervision & HSE Crew,Day shift,"{""id"":""E1091"",""name"":""Oliver Lee""}",Site Administrator,Supervision & HSE,5/2 Residential,Day
Swing 4 - Day shift,2026-09-28T00:00:00,2026-10-02T00:00:00,0,Supervision & HSE Crew,Day shift,"{""id"":""E1091"",""name"":""Oliver Lee""}",Site Administrator,Supervision & HSE,5/2 Residential,Day
Swing 5 - Day shift,2026-10-05T00:00:00,2026-10-09T00:00:00,0,Supervision & HSE Crew,Day shift,"{""id"":""E1091"",""name"":""Oliver Lee""}",Site Administrator,Supervision & HSE,5/2 Residential,Day
Swing 6 - Day shift,2026-10-12T00:00:00,2026-10-16T00:00:00,0,Supervision & HSE Crew,Day shift,"{""id"":""E1091"",""name"":""Oliver Lee""}",Site Administrator,Supervision & HSE,5/2 Residential,Day
Swing 7 - Day shift,2026-10-19T00:00:00,2026-10-23T00:00:00,0,Supervision & HSE Crew,Day shift,"{""id"":""E1091"",""name"":""Oliver Lee""}",Site Administrator,Supervision & HSE,5/2 Residential,Day
Swing 8 - Day shift,2026-10-26T00:00:00,2026-10-30T00:00:00,0,Supervision & HSE Crew,Day shift,"{""id"":""E1091"",""name"":""Oliver Lee""}",Site Administrator,Supervision & HSE,5/2 Residential,Day
Swing 9 - Day shift,2026-11-02T00:00:00,2026-11-06T00:00:00,0,Supervision & HSE Crew,Day shift,"{""id"":""E1091"",""name"":""Oliver Lee""}",Site Administrator,Supervision & HSE,5/2 Residential,Day
Swing 10 - Day shift,2026-11-09T00:00:00,2026-11-13T00:00:00,0,Supervision & HSE Crew,Day shift,"{""id"":""E1091"",""name"":""Oliver Lee""}",Site Administrator,Supervision & HSE,5/2 Residential,Day
Swing 11 - Day shift,2026-11-16T00:00:00,2026-11-20T00:00:00,0,Supervision & HSE Crew,Day shift,"{""id"":""E1091"",""name"":""Oliver Lee""}",Site Administrator,Supervision & HSE,5/2 Residential,Day
Swing 12 - Day shift,2026-11-23T00:00:00,2026-11-27T00:00:00,0,Supervision & HSE Crew,Day shift,"{""id"":""E1091"",""name"":""Oliver Lee""}",Site Administrator,Supervision & HSE,5/2 Residential,Day
Swing 13 - Day shift,2026-11-30T00:00:00,2026-12-04T00:00:00,0,Supervision & HSE Crew,Day shift,"{""id"":""E1091"",""name"":""Oliver Lee""}",Site Administrator,Supervision & HSE,5/2 Residential,Day
Swing 14 - Day shift,2026-12-07T00:00:00,2026-12-11T00:00:00,0,Supervision & HSE Crew,Day shift,"{""id"":""E1091"",""name"":""Oliver Lee""}",Site Administrator,Supervision & HSE,5/2 Residential,Day
Swing 15 - Day shift,2026-12-14T00:00:00,2026-12-18T00:00:00,0,Supervision & HSE Crew,Day shift,"{""id"":""E1091"",""name"":""Oliver Lee""}",Site Administrator,Supervision & HSE,5/2 Residential,Day
Swing 1 - Day shift,2026-09-02T00:00:00,2026-09-04T00:00:00,100,Supervision & HSE Crew,Day shift,"{""id"":""E1092"",""name"":""Zoe Evans""}",Site Supervisor,Supervision & HSE,14/14 FIFO,Day
Swing 2 - Day shift,2026-09-19T00:00:00,2026-10-02T00:00:00,0,Supervision & HSE Crew,Day shift,"{""id"":""E1092"",""name"":""Zoe Evans""}",Site Supervisor,Supervision & HSE,14/14 FIFO,Day
Swing 3 - Day shift,2026-10-17T00:00:00,2026-10-30T00:00:00,0,Supervision & HSE Crew,Day shift,"{""id"":""E1092"",""name"":""Zoe Evans""}",Site Supervisor,Supervision & HSE,14/14 FIFO,Day
Swing 4 - Day shift,2026-11-14T00:00:00,2026-11-27T00:00:00,0,Supervision & HSE Crew,Day shift,"{""id"":""E1092"",""name"":""Zoe Evans""}",Site Supervisor,Supervision & HSE,14/14 FIFO,Day
Swing 5 - Day shift,2026-12-12T00:00:00,2026-12-25T00:00:00,0,Supervision & HSE Crew,Day shift,"{""id"":""E1092"",""name"":""Zoe Evans""}",Site Supervisor,Supervision & HSE,14/14 FIFO,Day
Swing 6 - Day shift,2027-01-09T00:00:00,2027-01-22T00:00:00,0,Supervision & HSE Crew,Day shift,"{""id"":""E1092"",""name"":""Zoe Evans""}",Site Supervisor,Supervision & HSE,14/14 FIFO,Day
Swing 1 - Day shift,2026-09-07T00:00:00,2026-09-11T00:00:00,100,Supervision & HSE Crew,Day shift,"{""id"":""E1093"",""name"":""Lachlan Smith""}",HSE Advisor,Supervision & HSE,5/2 Residential,Day
Swing 2 - Day shift,2026-09-14T00:00:00,2026-09-18T00:00:00,60,Supervision & HSE Crew,Day shift,"{""id"":""E1093"",""name"":""Lachlan Smith""}",HSE Advisor,Supervision & HSE,5/2 Residential,Day
Swing 3 - Day shift,2026-09-21T00:00:00,2026-09-25T00:00:00,0,Supervision & HSE Crew,Day shift,"{""id"":""E1093"",""name"":""Lachlan Smith""}",HSE Advisor,Supervision & HSE,5/2 Residential,Day
Swing 4 - Day shift,2026-09-28T00:00:00,2026-10-02T00:00:00,0,Supervision & HSE Crew,Day shift,"{""id"":""E1093"",""name"":""Lachlan Smith""}",HSE Advisor,Supervision & HSE,5/2 Residential,Day
Swing 5 - Day shift,2026-10-05T00:00:00,2026-10-09T00:00:00,0,Supervision & HSE Crew,Day shift,"{""id"":""E1093"",""name"":""Lachlan Smith""}",HSE Advisor,Supervision & HSE,5/2 Residential,Day
Swing 6 - Day shift,2026-10-12T00:00:00,2026-10-16T00:00:00,0,Supervision & HSE Crew,Day shift,"{""id"":""E1093"",""name"":""Lachlan Smith""}",HSE Advisor,Supervision & HSE,5/2 Residential,Day
Swing 7 - Day shift,2026-10-19T00:00:00,2026-10-23T00:00:00,0,Supervision & HSE Crew,Day shift,"{""id"":""E1093"",""name"":""Lachlan Smith""}",HSE Advisor,Supervision & HSE,5/2 Residential,Day
Swing 8 - Day shift,2026-10-26T00:00:00,2026-10-30T00:00:00,0,Supervision & HSE Crew,Day shift,"{""id"":""E1093"",""name"":""Lachlan Smith""}",HSE Advisor,Supervision & HSE,5/2 Residential,Day
Swing 9 - Day shift,2026-11-02T00:00:00,2026-11-06T00:00:00,0,Supervision & HSE Crew,Day shift,"{""id"":""E1093"",""name"":""Lachlan Smith""}",HSE Advisor,Supervision & HSE,5/2 Residential,Day
Swing 10 - Day shift,2026-11-09T00:00:00,2026-11-13T00:00:00,0,Supervision & HSE Crew,Day shift,"{""id"":""E1093"",""name"":""Lachlan Smith""}",HSE Advisor,Supervision & HSE,5/2 Residential,Day
Swing 11 - Day shift,2026-11-16T00:00:00,2026-11-20T00:00:00,0,Supervision & HSE Crew,Day shift,"{""id"":""E1093"",""name"":""Lachlan Smith""}",HSE Advisor,Supervision & HSE,5/2 Residential,Day
Swing 12 - Day shift,2026-11-23T00:00:00,2026-11-27T00:00:00,0,Supervision & HSE Crew,Day shift,"{""id"":""E1093"",""name"":""Lachlan Smith""}",HSE Advisor,Supervision & HSE,5/2 Residential,Day
Swing 13 - Day shift,2026-11-30T00:00:00,2026-12-04T00:00:00,0,Supervision & HSE Crew,Day shift,"{""id"":""E1093"",""name"":""Lachlan Smith""}",HSE Advisor,Supervision & HSE,5/2 Residential,Day
Swing 14 - Day shift,2026-12-07T00:00:00,2026-12-11T00:00:00,0,Supervision & HSE Crew,Day shift,"{""id"":""E1093"",""name"":""Lachlan Smith""}",HSE Advisor,Supervision & HSE,5/2 Residential,Day
Swing 15 - Day shift,2026-12-14T00:00:00,2026-12-18T00:00:00,0,Supervision & HSE Crew,Day shift,"{""id"":""E1093"",""name"":""Lachlan Smith""}",HSE Advisor,Supervision & HSE,5/2 Residential,Day
Swing 16 - Day shift,2026-12-21T00:00:00,2026-12-25T00:00:00,0,Supervision & HSE Crew,Day shift,"{""id"":""E1093"",""name"":""Lachlan Smith""}",HSE Advisor,Supervision & HSE,5/2 Residential,Day
Swing 17 - Day shift,2026-12-28T00:00:00,2027-01-01T00:00:00,0,Supervision & HSE Crew,Day shift,"{""id"":""E1093"",""name"":""Lachlan Smith""}",HSE Advisor,Supervision & HSE,5/2 Residential,Day
Swing 18 - Day shift,2027-01-04T00:00:00,2027-01-08T00:00:00,0,Supervision & HSE Crew,Day shift,"{""id"":""E1093"",""name"":""Lachlan Smith""}",HSE Advisor,Supervision & HSE,5/2 Residential,Day
Swing 19 - Day shift,2027-01-11T00:00:00,2027-01-15T00:00:00,0,Supervision & HSE Crew,Day shift,"{""id"":""E1093"",""name"":""Lachlan Smith""}",HSE Advisor,Supervision & HSE,5/2 Residential,Day
Swing 20 - Day shift,2027-01-18T00:00:00,2027-01-22T00:00:00,0,Supervision & HSE Crew,Day shift,"{""id"":""E1093"",""name"":""Lachlan Smith""}",HSE Advisor,Supervision & HSE,5/2 Residential,Day
Swing 21 - Day shift,2027-01-25T00:00:00,2027-01-29T00:00:00,0,Supervision & HSE Crew,Day shift,"{""id"":""E1093"",""name"":""Lachlan Smith""}",HSE Advisor,Supervision & HSE,5/2 Residential,Day
Swing 22 - Day shift,2027-02-01T00:00:00,2027-02-05T00:00:00,0,Supervision & HSE Crew,Day shift,"{""id"":""E1093"",""name"":""Lachlan Smith""}",HSE Advisor,Supervision & HSE,5/2 Residential,Day
Swing 23 - Day shift,2027-02-08T00:00:00,2027-02-12T00:00:00,0,Supervision & HSE Crew,Day shift,"{""id"":""E1093"",""name"":""Lachlan Smith""}",HSE Advisor,Supervision & HSE,5/2 Residential,Day
Swing 24 - Day shift,2027-02-15T00:00:00,2027-02-19T00:00:00,0,Supervision & HSE Crew,Day shift,"{""id"":""E1093"",""name"":""Lachlan Smith""}",HSE Advisor,Supervision & HSE,5/2 Residential,Day
Swing 25 - Day shift,2027-02-22T00:00:00,2027-02-26T00:00:00,0,Supervision & HSE Crew,Day shift,"{""id"":""E1093"",""name"":""Lachlan Smith""}",HSE Advisor,Supervision & HSE,5/2 Residential,Day
Swing 26 - Day shift,2027-03-01T00:00:00,2027-03-05T00:00:00,0,Supervision & HSE Crew,Day shift,"{""id"":""E1093"",""name"":""Lachlan Smith""}",HSE Advisor,Supervision & HSE,5/2 Residential,Day
Swing 27 - Day shift,2027-03-08T00:00:00,2027-03-12T00:00:00,0,Supervision & HSE Crew,Day shift,"{""id"":""E1093"",""name"":""Lachlan Smith""}",HSE Advisor,Supervision & HSE,5/2 Residential,Day
Swing 28 - Day shift,2027-03-15T00:00:00,2027-03-15T00:00:00,0,Supervision & HSE Crew,Day shift,"{""id"":""E1093"",""name"":""Lachlan Smith""}",HSE Advisor,Supervision & HSE,5/2 Residential,Day
Swing 1 - Day shift,2026-09-02T00:00:00,2026-09-05T00:00:00,100,Supervision & HSE Crew,Day shift,"{""id"":""E1094"",""name"":""Henry Walker""}",Planner,Supervision & HSE,14/14 FIFO,Day
Swing 2 - Day shift,2026-09-20T00:00:00,2026-10-03T00:00:00,0,Supervision & HSE Crew,Day shift,"{""id"":""E1094"",""name"":""Henry Walker""}",Planner,Supervision & HSE,14/14 FIFO,Day
Swing 3 - Day shift,2026-10-18T00:00:00,2026-10-31T00:00:00,0,Supervision & HSE Crew,Day shift,"{""id"":""E1094"",""name"":""Henry Walker""}",Planner,Supervision & HSE,14/14 FIFO,Day
Swing 4 - Day shift,2026-11-15T00:00:00,2026-11-28T00:00:00,0,Supervision & HSE Crew,Day shift,"{""id"":""E1094"",""name"":""Henry Walker""}",Planner,Supervision & HSE,14/14 FIFO,Day
Swing 5 - Day shift,2026-12-13T00:00:00,2026-12-26T00:00:00,0,Supervision & HSE Crew,Day shift,"{""id"":""E1094"",""name"":""Henry Walker""}",Planner,Supervision & HSE,14/14 FIFO,Day
Swing 6 - Day shift,2027-01-10T00:00:00,2027-01-23T00:00:00,0,Supervision & HSE Crew,Day shift,"{""id"":""E1094"",""name"":""Henry Walker""}",Planner,Supervision & HSE,14/14 FIFO,Day
Swing 7 - Day shift,2027-02-07T00:00:00,2027-02-20T00:00:00,0,Supervision & HSE Crew,Day shift,"{""id"":""E1094"",""name"":""Henry Walker""}",Planner,Supervision & HSE,14/14 FIFO,Day
Swing 8 - Day shift,2027-03-07T00:00:00,2027-03-15T00:00:00,0,Supervision & HSE Crew,Day shift,"{""id"":""E1094"",""name"":""Henry Walker""}",Planner,Supervision & HSE,14/14 FIFO,Day
Sick leave,2027-01-14T00:00:00,2027-01-16T00:00:00,0,Supervision & HSE Crew,Leave,"{""id"":""E1094"",""name"":""Henry Walker""}",Planner,Supervision & HSE,14/14 FIFO,
Swing 1 - Day shift,2026-09-07T00:00:00,2026-09-11T00:00:00,100,Supervision & HSE Crew,Day shift,"{""id"":""E1095"",""name"":""Sophie Martin""}",Site Administrator,Supervision & HSE,5/2 Residential,Day
Swing 2 - Day shift,2026-09-14T00:00:00,2026-09-18T00:00:00,60,Supervision & HSE Crew,Day shift,"{""id"":""E1095"",""name"":""Sophie Martin""}",Site Administrator,Supervision & HSE,5/2 Residential,Day
Swing 3 - Day shift,2026-09-21T00:00:00,2026-09-25T00:00:00,0,Supervision & HSE Crew,Day shift,"{""id"":""E1095"",""name"":""Sophie Martin""}",Site Administrator,Supervision & HSE,5/2 Residential,Day
Swing 4 - Day shift,2026-09-28T00:00:00,2026-10-02T00:00:00,0,Supervision & HSE Crew,Day shift,"{""id"":""E1095"",""name"":""Sophie Martin""}",Site Administrator,Supervision & HSE,5/2 Residential,Day
Annual leave,2026-10-05T00:00:00,2026-10-09T00:00:00,0,Supervision & HSE Crew,Leave,"{""id"":""E1095"",""name"":""Sophie Martin""}",Site Administrator,Supervision & HSE,5/2 Residential,
Swing 6 - Day shift,2026-10-12T00:00:00,2026-10-16T00:00:00,0,Supervision & HSE Crew,Day shift,"{""id"":""E1095"",""name"":""Sophie Martin""}",Site Administrator,Supervision & HSE,5/2 Residential,Day
Swing 7 - Day shift,2026-10-19T00:00:00,2026-10-23T00:00:00,0,Supervision & HSE Crew,Day shift,"{""id"":""E1095"",""name"":""Sophie Martin""}",Site Administrator,Supervision & HSE,5/2 Residential,Day
Swing 8 - Day shift,2026-10-26T00:00:00,2026-10-30T00:00:00,0,Supervision & HSE Crew,Day shift,"{""id"":""E1095"",""name"":""Sophie Martin""}",Site Administrator,Supervision & HSE,5/2 Residential,Day
Swing 9 - Day shift,2026-11-02T00:00:00,2026-11-06T00:00:00,0,Supervision & HSE Crew,Day shift,"{""id"":""E1095"",""name"":""Sophie Martin""}",Site Administrator,Supervision & HSE,5/2 Residential,Day
Swing 10 - Day shift,2026-11-09T00:00:00,2026-11-13T00:00:00,0,Supervision & HSE Crew,Day shift,"{""id"":""E1095"",""name"":""Sophie Martin""}",Site Administrator,Supervision & HSE,5/2 Residential,Day
Swing 11 - Day shift,2026-11-16T00:00:00,2026-11-20T00:00:00,0,Supervision & HSE Crew,Day shift,"{""id"":""E1095"",""name"":""Sophie Martin""}",Site Administrator,Supervision & HSE,5/2 Residential,Day
Swing 12 - Day shift,2026-11-23T00:00:00,2026-11-27T00:00:00,0,Supervision & HSE Crew,Day shift,"{""id"":""E1095"",""name"":""Sophie Martin""}",Site Administrator,Supervision & HSE,5/2 Residential,Day
Swing 13 - Day shift,2026-11-30T00:00:00,2026-12-04T00:00:00,0,Supervision & HSE Crew,Day shift,"{""id"":""E1095"",""name"":""Sophie Martin""}",Site Administrator,Supervision & HSE,5/2 Residential,Day
Swing 14 - Day shift,2026-12-07T00:00:00,2026-12-11T00:00:00,0,Supervision & HSE Crew,Day shift,"{""id"":""E1095"",""name"":""Sophie Martin""}",Site Administrator,Supervision & HSE,5/2 Residential,Day
Swing 15 - Day shift,2026-12-14T00:00:00,2026-12-18T00:00:00,0,Supervision & HSE Crew,Day shift,"{""id"":""E1095"",""name"":""Sophie Martin""}",Site Administrator,Supervision & HSE,5/2 Residential,Day
Swing 16 - Day shift,2026-12-21T00:00:00,2026-12-25T00:00:00,0,Supervision & HSE Crew,Day shift,"{""id"":""E1095"",""name"":""Sophie Martin""}",Site Administrator,Supervision & HSE,5/2 Residential,Day
Swing 17 - Day shift,2026-12-28T00:00:00,2027-01-01T00:00:00,0,Supervision & HSE Crew,Day shift,"{""id"":""E1095"",""name"":""Sophie Martin""}",Site Administrator,Supervision & HSE,5/2 Residential,Day
Swing 18 - Day shift,2027-01-04T00:00:00,2027-01-08T00:00:00,0,Supervision & HSE Crew,Day shift,"{""id"":""E1095"",""name"":""Sophie Martin""}",Site Administrator,Supervision & HSE,5/2 Residential,Day
Swing 19 - Day shift,2027-01-11T00:00:00,2027-01-15T00:00:00,0,Supervision & HSE Crew,Day shift,"{""id"":""E1095"",""name"":""Sophie Martin""}",Site Administrator,Supervision & HSE,5/2 Residential,Day
Swing 20 - Day shift,2027-01-18T00:00:00,2027-01-22T00:00:00,0,Supervision & HSE Crew,Day shift,"{""id"":""E1095"",""name"":""Sophie Martin""}",Site Administrator,Supervision & HSE,5/2 Residential,Day
Swing 21 - Day shift,2027-01-25T00:00:00,2027-01-29T00:00:00,0,Supervision & HSE Crew,Day shift,"{""id"":""E1095"",""name"":""Sophie Martin""}",Site Administrator,Supervision & HSE,5/2 Residential,Day
Swing 22 - Day shift,2027-02-01T00:00:00,2027-02-05T00:00:00,0,Supervision & HSE Crew,Day shift,"{""id"":""E1095"",""name"":""Sophie Martin""}",Site Administrator,Supervision & HSE,5/2 Residential,Day
Swing 23 - Day shift,2027-02-08T00:00:00,2027-02-12T00:00:00,0,Supervision & HSE Crew,Day shift,"{""id"":""E1095"",""name"":""Sophie Martin""}",Site Administrator,Supervision & HSE,5/2 Residential,Day
Swing 24 - Day shift,2027-02-15T00:00:00,2027-02-19T00:00:00,0,Supervision & HSE Crew,Day shift,"{""id"":""E1095"",""name"":""Sophie Martin""}",Site Administrator,Supervision & HSE,5/2 Residential,Day
Swing 25 - Day shift,2027-02-22T00:00:00,2027-02-26T00:00:00,0,Supervision & HSE Crew,Day shift,"{""id"":""E1095"",""name"":""Sophie Martin""}",Site Administrator,Supervision & HSE,5/2 Residential,Day
Swing 26 - Day shift,2027-03-01T00:00:00,2027-03-05T00:00:00,0,Supervision & HSE Crew,Day shift,"{""id"":""E1095"",""name"":""Sophie Martin""}",Site Administrator,Supervision & HSE,5/2 Residential,Day
Swing 27 - Day shift,2027-03-08T00:00:00,2027-03-12T00:00:00,0,Supervision & HSE Crew,Day shift,"{""id"":""E1095"",""name"":""Sophie Martin""}",Site Administrator,Supervision & HSE,5/2 Residential,Day
Swing 28 - Day shift,2027-03-15T00:00:00,2027-03-15T00:00:00,0,Supervision & HSE Crew,Day shift,"{""id"":""E1095"",""name"":""Sophie Martin""}",Site Administrator,Supervision & HSE,5/2 Residential,Day
Sick leave,2026-10-21T00:00:00,2026-10-22T00:00:00,0,Supervision & HSE Crew,Leave,"{""id"":""E1095"",""name"":""Sophie Martin""}",Site Administrator,Supervision & HSE,5/2 Residential,
Swing 1 - Day shift,2026-09-12T00:00:00,2026-09-25T00:00:00,36,Supervision & HSE Crew,Day shift,"{""id"":""E1096"",""name"":""Wei Singh""}",Site Supervisor,Supervision & HSE,14/14 FIFO,Day
Swing 2 - Day shift,2026-10-10T00:00:00,2026-10-23T00:00:00,0,Supervision & HSE Crew,Day shift,"{""id"":""E1096"",""name"":""Wei Singh""}",Site Supervisor,Supervision & HSE,14/14 FIFO,Day
Swing 3 - Day shift,2026-11-07T00:00:00,2026-11-20T00:00:00,0,Supervision & HSE Crew,Day shift,"{""id"":""E1096"",""name"":""Wei Singh""}",Site Supervisor,Supervision & HSE,14/14 FIFO,Day
Swing 4 - Day shift,2026-12-05T00:00:00,2026-12-18T00:00:00,0,Supervision & HSE Crew,Day shift,"{""id"":""E1096"",""name"":""Wei Singh""}",Site Supervisor,Supervision & HSE,14/14 FIFO,Day
Swing 5 - Day shift,2027-01-02T00:00:00,2027-01-15T00:00:00,0,Supervision & HSE Crew,Day shift,"{""id"":""E1096"",""name"":""Wei Singh""}",Site Supervisor,Supervision & HSE,14/14 FIFO,Day
Swing 6 - Day shift,2027-01-30T00:00:00,2027-02-12T00:00:00,0,Supervision & HSE Crew,Day shift,"{""id"":""E1096"",""name"":""Wei Singh""}",Site Supervisor,Supervision & HSE,14/14 FIFO,Day
Swing 7 - Day shift,2027-02-27T00:00:00,2027-03-12T00:00:00,0,Supervision & HSE Crew,Day shift,"{""id"":""E1096"",""name"":""Wei Singh""}",Site Supervisor,Supervision & HSE,14/14 FIFO,Day
Sick leave,2026-12-09T00:00:00,2026-12-11T00:00:00,0,Supervision & HSE Crew,Leave,"{""id"":""E1096"",""name"":""Wei Singh""}",Site Supervisor,Supervision & HSE,14/14 FIFO,
Swing 1 - Day shift,2026-09-07T00:00:00,2026-09-11T00:00:00,100,Supervision & HSE Crew,Day shift,"{""id"":""E1097"",""name"":""Oliver Singh""}",HSE Advisor,Supervision & HSE,5/2 Residential,Day
Swing 2 - Day shift,2026-09-14T00:00:00,2026-09-18T00:00:00,60,Supervision & HSE Crew,Day shift,"{""id"":""E1097"",""name"":""Oliver Singh""}",HSE Advisor,Supervision & HSE,5/2 Residential,Day
Swing 3 - Day shift,2026-09-21T00:00:00,2026-09-25T00:00:00,0,Supervision & HSE Crew,Day shift,"{""id"":""E1097"",""name"":""Oliver Singh""}",HSE Advisor,Supervision & HSE,5/2 Residential,Day
Swing 4 - Day shift,2026-09-28T00:00:00,2026-10-02T00:00:00,0,Supervision & HSE Crew,Day shift,"{""id"":""E1097"",""name"":""Oliver Singh""}",HSE Advisor,Supervision & HSE,5/2 Residential,Day
Swing 5 - Day shift,2026-10-05T00:00:00,2026-10-09T00:00:00,0,Supervision & HSE Crew,Day shift,"{""id"":""E1097"",""name"":""Oliver Singh""}",HSE Advisor,Supervision & HSE,5/2 Residential,Day
Swing 6 - Day shift,2026-10-12T00:00:00,2026-10-16T00:00:00,0,Supervision & HSE Crew,Day shift,"{""id"":""E1097"",""name"":""Oliver Singh""}",HSE Advisor,Supervision & HSE,5/2 Residential,Day
Annual leave,2026-10-19T00:00:00,2026-10-23T00:00:00,0,Supervision & HSE Crew,Leave,"{""id"":""E1097"",""name"":""Oliver Singh""}",HSE Advisor,Supervision & HSE,5/2 Residential,
Swing 8 - Day shift,2026-10-26T00:00:00,2026-10-30T00:00:00,0,Supervision & HSE Crew,Day shift,"{""id"":""E1097"",""name"":""Oliver Singh""}",HSE Advisor,Supervision & HSE,5/2 Residential,Day
Swing 9 - Day shift,2026-11-02T00:00:00,2026-11-06T00:00:00,0,Supervision & HSE Crew,Day shift,"{""id"":""E1097"",""name"":""Oliver Singh""}",HSE Advisor,Supervision & HSE,5/2 Residential,Day
Swing 10 - Day shift,2026-11-09T00:00:00,2026-11-13T00:00:00,0,Supervision & HSE Crew,Day shift,"{""id"":""E1097"",""name"":""Oliver Singh""}",HSE Advisor,Supervision & HSE,5/2 Residential,Day
Swing 11 - Day shift,2026-11-16T00:00:00,2026-11-20T00:00:00,0,Supervision & HSE Crew,Day shift,"{""id"":""E1097"",""name"":""Oliver Singh""}",HSE Advisor,Supervision & HSE,5/2 Residential,Day
Swing 12 - Day shift,2026-11-23T00:00:00,2026-11-27T00:00:00,0,Supervision & HSE Crew,Day shift,"{""id"":""E1097"",""name"":""Oliver Singh""}",HSE Advisor,Supervision & HSE,5/2 Residential,Day
Swing 13 - Day shift,2026-11-30T00:00:00,2026-12-04T00:00:00,0,Supervision & HSE Crew,Day shift,"{""id"":""E1097"",""name"":""Oliver Singh""}",HSE Advisor,Supervision & HSE,5/2 Residential,Day
Swing 14 - Day shift,2026-12-07T00:00:00,2026-12-11T00:00:00,0,Supervision & HSE Crew,Day shift,"{""id"":""E1097"",""name"":""Oliver Singh""}",HSE Advisor,Supervision & HSE,5/2 Residential,Day
Swing 15 - Day shift,2026-12-14T00:00:00,2026-12-18T00:00:00,0,Supervision & HSE Crew,Day shift,"{""id"":""E1097"",""name"":""Oliver Singh""}",HSE Advisor,Supervision & HSE,5/2 Residential,Day
Swing 16 - Day shift,2026-12-21T00:00:00,2026-12-25T00:00:00,0,Supervision & HSE Crew,Day shift,"{""id"":""E1097"",""name"":""Oliver Singh""}",HSE Advisor,Supervision & HSE,5/2 Residential,Day
Swing 17 - Day shift,2026-12-28T00:00:00,2027-01-01T00:00:00,0,Supervision & HSE Crew,Day shift,"{""id"":""E1097"",""name"":""Oliver Singh""}",HSE Advisor,Supervision & HSE,5/2 Residential,Day
Swing 18 - Day shift,2027-01-04T00:00:00,2027-01-08T00:00:00,0,Supervision & HSE Crew,Day shift,"{""id"":""E1097"",""name"":""Oliver Singh""}",HSE Advisor,Supervision & HSE,5/2 Residential,Day
Swing 19 - Day shift,2027-01-11T00:00:00,2027-01-15T00:00:00,0,Supervision & HSE Crew,Day shift,"{""id"":""E1097"",""name"":""Oliver Singh""}",HSE Advisor,Supervision & HSE,5/2 Residential,Day
Swing 20 - Day shift,2027-01-18T00:00:00,2027-01-22T00:00:00,0,Supervision & HSE Crew,Day shift,"{""id"":""E1097"",""name"":""Oliver Singh""}",HSE Advisor,Supervision & HSE,5/2 Residential,Day
Swing 21 - Day shift,2027-01-25T00:00:00,2027-01-29T00:00:00,0,Supervision & HSE Crew,Day shift,"{""id"":""E1097"",""name"":""Oliver Singh""}",HSE Advisor,Supervision & HSE,5/2 Residential,Day
Swing 22 - Day shift,2027-02-01T00:00:00,2027-02-05T00:00:00,0,Supervision & HSE Crew,Day shift,"{""id"":""E1097"",""name"":""Oliver Singh""}",HSE Advisor,Supervision & HSE,5/2 Residential,Day
Swing 23 - Day shift,2027-02-08T00:00:00,2027-02-12T00:00:00,0,Supervision & HSE Crew,Day shift,"{""id"":""E1097"",""name"":""Oliver Singh""}",HSE Advisor,Supervision & HSE,5/2 Residential,Day
Swing 24 - Day shift,2027-02-15T00:00:00,2027-02-19T00:00:00,0,Supervision & HSE Crew,Day shift,"{""id"":""E1097"",""name"":""Oliver Singh""}",HSE Advisor,Supervision & HSE,5/2 Residential,Day
Swing 25 - Day shift,2027-02-22T00:00:00,2027-02-26T00:00:00,0,Supervision & HSE Crew,Day shift,"{""id"":""E1097"",""name"":""Oliver Singh""}",HSE Advisor,Supervision & HSE,5/2 Residential,Day
Swing 26 - Day shift,2027-03-01T00:00:00,2027-03-05T00:00:00,0,Supervision & HSE Crew,Day shift,"{""id"":""E1097"",""name"":""Oliver Singh""}",HSE Advisor,Supervision & HSE,5/2 Residential,Day
Swing 27 - Day shift,2027-03-08T00:00:00,2027-03-12T00:00:00,0,Supervision & HSE Crew,Day shift,"{""id"":""E1097"",""name"":""Oliver Singh""}",HSE Advisor,Supervision & HSE,5/2 Residential,Day
Swing 28 - Day shift,2027-03-15T00:00:00,2027-03-15T00:00:00,0,Supervision & HSE Crew,Day shift,"{""id"":""E1097"",""name"":""Oliver Singh""}",HSE Advisor,Supervision & HSE,5/2 Residential,Day
Sick leave,2026-10-07T00:00:00,2026-10-08T00:00:00,0,Supervision & HSE Crew,Leave,"{""id"":""E1097"",""name"":""Oliver Singh""}",HSE Advisor,Supervision & HSE,5/2 Residential,
Swing 1 - Day shift,2026-09-07T00:00:00,2026-09-20T00:00:00,71,Supervision & HSE Crew,Day shift,"{""id"":""E1098"",""name"":""Linh Wang""}",Planner,Supervision & HSE,14/14 FIFO,Day
Swing 2 - Day shift,2026-10-05T00:00:00,2026-10-18T00:00:00,0,Supervision & HSE Crew,Day shift,"{""id"":""E1098"",""name"":""Linh Wang""}",Planner,Supervision & HSE,14/14 FIFO,Day
Annual leave,2026-11-02T00:00:00,2026-11-15T00:00:00,0,Supervision & HSE Crew,Leave,"{""id"":""E1098"",""name"":""Linh Wang""}",Planner,Supervision & HSE,14/14 FIFO,
Swing 4 - Day shift,2026-11-30T00:00:00,2026-12-13T00:00:00,0,Supervision & HSE Crew,Day shift,"{""id"":""E1098"",""name"":""Linh Wang""}",Planner,Supervision & HSE,14/14 FIFO,Day
Swing 5 - Day shift,2026-12-28T00:00:00,2027-01-10T00:00:00,0,Supervision & HSE Crew,Day shift,"{""id"":""E1098"",""name"":""Linh Wang""}",Planner,Supervision & HSE,14/14 FIFO,Day
Swing 6 - Day shift,2027-01-25T00:00:00,2027-02-07T00:00:00,0,Supervision & HSE Crew,Day shift,"{""id"":""E1098"",""name"":""Linh Wang""}",Planner,Supervision & HSE,14/14 FIFO,Day
Swing 7 - Day shift,2027-02-22T00:00:00,2027-03-07T00:00:00,0,Supervision & HSE Crew,Day shift,"{""id"":""E1098"",""name"":""Linh Wang""}",Planner,Supervision & HSE,14/14 FIFO,Day
Sick leave,2026-10-14T00:00:00,2026-10-15T00:00:00,0,Supervision & HSE Crew,Leave,"{""id"":""E1098"",""name"":""Linh Wang""}",Planner,Supervision & HSE,14/14 FIFO,
Swing 1 - Day shift,2026-09-07T00:00:00,2026-09-11T00:00:00,100,Supervision & HSE Crew,Day shift,"{""id"":""E1099"",""name"":""Riley Ryan""}",Site Administrator,Supervision & HSE,5/2 Residential,Day
Swing 2 - Day shift,2026-09-14T00:00:00,2026-09-18T00:00:00,60,Supervision & HSE Crew,Day shift,"{""id"":""E1099"",""name"":""Riley Ryan""}",Site Administrator,Supervision & HSE,5/2 Residential,Day
Swing 3 - Day shift,2026-09-21T00:00:00,2026-09-25T00:00:00,0,Supervision & HSE Crew,Day shift,"{""id"":""E1099"",""name"":""Riley Ryan""}",Site Administrator,Supervision & HSE,5/2 Residential,Day
Swing 4 - Day shift,2026-09-28T00:00:00,2026-10-02T00:00:00,0,Supervision & HSE Crew,Day shift,"{""id"":""E1099"",""name"":""Riley Ryan""}",Site Administrator,Supervision & HSE,5/2 Residential,Day
Swing 5 - Day shift,2026-10-05T00:00:00,2026-10-09T00:00:00,0,Supervision & HSE Crew,Day shift,"{""id"":""E1099"",""name"":""Riley Ryan""}",Site Administrator,Supervision & HSE,5/2 Residential,Day
Swing 6 - Day shift,2026-10-12T00:00:00,2026-10-16T00:00:00,0,Supervision & HSE Crew,Day shift,"{""id"":""E1099"",""name"":""Riley Ryan""}",Site Administrator,Supervision & HSE,5/2 Residential,Day
Swing 7 - Day shift,2026-10-19T00:00:00,2026-10-23T00:00:00,0,Supervision & HSE Crew,Day shift,"{""id"":""E1099"",""name"":""Riley Ryan""}",Site Administrator,Supervision & HSE,5/2 Residential,Day
Swing 8 - Day shift,2026-10-26T00:00:00,2026-10-30T00:00:00,0,Supervision & HSE Crew,Day shift,"{""id"":""E1099"",""name"":""Riley Ryan""}",Site Administrator,Supervision & HSE,5/2 Residential,Day
Swing 9 - Day shift,2026-11-02T00:00:00,2026-11-06T00:00:00,0,Supervision & HSE Crew,Day shift,"{""id"":""E1099"",""name"":""Riley Ryan""}",Site Administrator,Supervision & HSE,5/2 Residential,Day
Swing 10 - Day shift,2026-11-09T00:00:00,2026-11-13T00:00:00,0,Supervision & HSE Crew,Day shift,"{""id"":""E1099"",""name"":""Riley Ryan""}",Site Administrator,Supervision & HSE,5/2 Residential,Day
Swing 11 - Day shift,2026-11-16T00:00:00,2026-11-20T00:00:00,0,Supervision & HSE Crew,Day shift,"{""id"":""E1099"",""name"":""Riley Ryan""}",Site Administrator,Supervision & HSE,5/2 Residential,Day
Swing 12 - Day shift,2026-11-23T00:00:00,2026-11-27T00:00:00,0,Supervision & HSE Crew,Day shift,"{""id"":""E1099"",""name"":""Riley Ryan""}",Site Administrator,Supervision & HSE,5/2 Residential,Day
Swing 13 - Day shift,2026-11-30T00:00:00,2026-12-04T00:00:00,0,Supervision & HSE Crew,Day shift,"{""id"":""E1099"",""name"":""Riley Ryan""}",Site Administrator,Supervision & HSE,5/2 Residential,Day
Swing 14 - Day shift,2026-12-07T00:00:00,2026-12-11T00:00:00,0,Supervision & HSE Crew,Day shift,"{""id"":""E1099"",""name"":""Riley Ryan""}",Site Administrator,Supervision & HSE,5/2 Residential,Day
Swing 15 - Day shift,2026-12-14T00:00:00,2026-12-18T00:00:00,0,Supervision & HSE Crew,Day shift,"{""id"":""E1099"",""name"":""Riley Ryan""}",Site Administrator,Supervision & HSE,5/2 Residential,Day
Swing 16 - Day shift,2026-12-21T00:00:00,2026-12-25T00:00:00,0,Supervision & HSE Crew,Day shift,"{""id"":""E1099"",""name"":""Riley Ryan""}",Site Administrator,Supervision & HSE,5/2 Residential,Day
Swing 17 - Day shift,2026-12-28T00:00:00,2027-01-01T00:00:00,0,Supervision & HSE Crew,Day shift,"{""id"":""E1099"",""name"":""Riley Ryan""}",Site Administrator,Supervision & HSE,5/2 Residential,Day
Swing 18 - Day shift,2027-01-04T00:00:00,2027-01-08T00:00:00,0,Supervision & HSE Crew,Day shift,"{""id"":""E1099"",""name"":""Riley Ryan""}",Site Administrator,Supervision & HSE,5/2 Residential,Day
Swing 19 - Day shift,2027-01-11T00:00:00,2027-01-15T00:00:00,0,Supervision & HSE Crew,Day shift,"{""id"":""E1099"",""name"":""Riley Ryan""}",Site Administrator,Supervision & HSE,5/2 Residential,Day
Swing 20 - Day shift,2027-01-18T00:00:00,2027-01-22T00:00:00,0,Supervision & HSE Crew,Day shift,"{""id"":""E1099"",""name"":""Riley Ryan""}",Site Administrator,Supervision & HSE,5/2 Residential,Day
Swing 21 - Day shift,2027-01-25T00:00:00,2027-01-29T00:00:00,0,Supervision & HSE Crew,Day shift,"{""id"":""E1099"",""name"":""Riley Ryan""}",Site Administrator,Supervision & HSE,5/2 Residential,Day
Swing 22 - Day shift,2027-02-01T00:00:00,2027-02-05T00:00:00,0,Supervision & HSE Crew,Day shift,"{""id"":""E1099"",""name"":""Riley Ryan""}",Site Administrator,Supervision & HSE,5/2 Residential,Day
Swing 23 - Day shift,2027-02-08T00:00:00,2027-02-12T00:00:00,0,Supervision & HSE Crew,Day shift,"{""id"":""E1099"",""name"":""Riley Ryan""}",Site Administrator,Supervision & HSE,5/2 Residential,Day
Swing 24 - Day shift,2027-02-15T00:00:00,2027-02-19T00:00:00,0,Supervision & HSE Crew,Day shift,"{""id"":""E1099"",""name"":""Riley Ryan""}",Site Administrator,Supervision & HSE,5/2 Residential,Day
Swing 25 - Day shift,2027-02-22T00:00:00,2027-02-26T00:00:00,0,Supervision & HSE Crew,Day shift,"{""id"":""E1099"",""name"":""Riley Ryan""}",Site Administrator,Supervision & HSE,5/2 Residential,Day
Swing 26 - Day shift,2027-03-01T00:00:00,2027-03-05T00:00:00,0,Supervision & HSE Crew,Day shift,"{""id"":""E1099"",""name"":""Riley Ryan""}",Site Administrator,Supervision & HSE,5/2 Residential,Day
Swing 27 - Day shift,2027-03-08T00:00:00,2027-03-12T00:00:00,0,Supervision & HSE Crew,Day shift,"{""id"":""E1099"",""name"":""Riley Ryan""}",Site Administrator,Supervision & HSE,5/2 Residential,Day
Swing 28 - Day shift,2027-03-15T00:00:00,2027-03-15T00:00:00,0,Supervision & HSE Crew,Day shift,"{""id"":""E1099"",""name"":""Riley Ryan""}",Site Administrator,Supervision & HSE,5/2 Residential,Day
Site induction,2026-11-28T00:00:00,2026-11-28T00:00:00,0,Supervision & HSE Crew,Induction,"{""id"":""E1100"",""name"":""Mateo Ryan""}",Site Supervisor,Supervision & HSE,14/14 FIFO,
Swing 1 - Day shift,2026-11-29T00:00:00,2026-12-12T00:00:00,0,Supervision & HSE Crew,Day shift,"{""id"":""E1100"",""name"":""Mateo Ryan""}",Site Supervisor,Supervision & HSE,14/14 FIFO,Day
Swing 2 - Day shift,2026-12-27T00:00:00,2027-01-09T00:00:00,0,Supervision & HSE Crew,Day shift,"{""id"":""E1100"",""name"":""Mateo Ryan""}",Site Supervisor,Supervision & HSE,14/14 FIFO,Day
Swing 3 - Day shift,2027-01-24T00:00:00,2027-02-06T00:00:00,0,Supervision & HSE Crew,Day shift,"{""id"":""E1100"",""name"":""Mateo Ryan""}",Site Supervisor,Supervision & HSE,14/14 FIFO,Day
Swing 4 - Day shift,2027-02-21T00:00:00,2027-03-06T00:00:00,0,Supervision & HSE Crew,Day shift,"{""id"":""E1100"",""name"":""Mateo Ryan""}",Site Supervisor,Supervision & HSE,14/14 FIFO,Day
Sick leave,2027-03-01T00:00:00,2027-03-03T00:00:00,0,Supervision & HSE Crew,Leave,"{""id"":""E1100"",""name"":""Mateo Ryan""}",Site Supervisor,Supervision & HSE,14/14 FIFO,
